{
  "x": [
    [
      1.2,
      -0.4,
      0.8,
      -1.1,
      0.3,
      -0.6,
      1.5,
      -0.2
    ],
    [
      -0.5,
      1.1,
      -0.9,
      0.4,
      -1.2,
      0.7,
      -0.3,
      1.4
    ]
  ],
  "eps": 1e-05,
  "scale": 0.35355339059327373,
  "g1": [
    1.7431640625,
    7.71484375,
    1.8486328125,
    2.052734375,
    2.03125,
    0.61669921875,
    1.8857421875,
    1.849609375
  ],
  "be1": [
    0.7197265625,
    3.173828125,
    0.87646484375,
    1.0009765625,
    0.7109375,
    0.06494140625,
    0.8408203125,
    0.9150390625
  ],
  "wq_codes": [
    [
      -59,
      38,
      -28,
      -1,
      -17,
      -34,
      -27,
      29
    ],
    [
      -41,
      -2,
      -30,
      -4,
      26,
      -26,
      73,
      36
    ],
    [
      58,
      31,
      85,
      31,
      -5,
      -33,
      75,
      -4
    ],
    [
      38,
      -13,
      13,
      -34,
      -10,
      126,
      -57,
      34
    ],
    [
      -33,
      15,
      4,
      44,
      37,
      10,
      43,
      -127
    ],
    [
      0,
      -6,
      -20,
      54,
      2,
      -72,
      46,
      78
    ],
    [
      -1,
      -2,
      41,
      20,
      -50,
      59,
      -67,
      114
    ],
    [
      -40,
      1,
      58,
      43,
      -20,
      17,
      3,
      64
    ]
  ],
  "wq_scale": 0.0001541498139148622,
  "bq": [
    0.047210693359375,
    -0.028839111328125,
    -0.1160888671875,
    0.0909423828125,
    -0.1201171875,
    -0.0272216796875,
    -0.0367431640625,
    0.0092315673828125
  ],
  "wk_codes": [
    [
      -1,
      -21,
      -5,
      7,
      24,
      -25,
      26,
      25
    ],
    [
      -17,
      -15,
      -19,
      25,
      31,
      55,
      -34,
      -9
    ],
    [
      -7,
      -5,
      54,
      -50,
      0,
      -18,
      5,
      -7
    ],
    [
      -29,
      -9,
      -2,
      -22,
      -9,
      -16,
      -9,
      -33
    ],
    [
      7,
      -23,
      43,
      -32,
      -22,
      2,
      1,
      94
    ],
    [
      -19,
      -19,
      -14,
      9,
      20,
      6,
      37,
      -53
    ],
    [
      -42,
      -10,
      -74,
      -21,
      72,
      -82,
      -4,
      -127
    ],
    [
      -15,
      8,
      -22,
      -31,
      12,
      -10,
      -60,
      -113
    ]
  ],
  "wk_scale": 0.00024570254828986223,
  "bk": [
    0.0,
    0.0,
    0.0,
    0.0,
    0.0,
    0.0,
    0.0,
    0.0
  ],
  "wv_codes": [
    [
      0,
      -3,
      16,
      6,
      17,
      97,
      -85,
      -21
    ],
    [
      -58,
      0,
      -11,
      -16,
      8,
      127,
      34,
      12
    ],
    [
      55,
      0,
      26,
      2,
      -44,
      -84,
      -32,
      -19
    ],
    [
      -3,
      -5,
      14,
      33,
      -59,
      72,
      36,
      53
    ],
    [
      -65,
      13,
      -41,
      -4,
      19,
      1,
      -48,
      -16
    ],
    [
      -65,
      -2,
      -43,
      -18,
      -22,
      -48,
      -25,
      -3
    ],
    [
      -13,
      0,
      -28,
      11,
      -13,
      -102,
      2,
      14
    ],
    [
      -8,
      1,
      21,
      5,
      4,
      -95,
      14,
      -1
    ]
  ],
  "wv_scale": 0.0002425787017101378,
  "bv": [
    -0.037811279296875,
    -0.005031585693359375,
    0.00493621826171875,
    -0.0753173828125,
    0.11798095703125,
    0.0479736328125,
    0.017578125,
    -0.0243682861328125
  ],
  "wo_codes": [
    [
      3,
      13,
      6,
      87,
      -115,
      -76,
      83,
      40
    ],
    [
      61,
      1,
      2,
      35,
      -26,
      117,
      12,
      10
    ],
    [
      36,
      -3,
      -17,
      50,
      30,
      -7,
      20,
      57
    ],
    [
      -6,
      -27,
      -74,
      -8,
      -102,
      -127,
      41,
      51
    ],
    [
      -80,
      -53,
      18,
      27,
      -34,
      41,
      41,
      21
    ],
    [
      -21,
      15,
      -14,
      -23,
      33,
      -9,
      -43,
      -2
    ],
    [
      -14,
      41,
      14,
      -40,
      -5,
      8,
      -1,
      -26
    ],
    [
      6,
      44,
      -81,
      -24,
      82,
      13,
      -24,
      37
    ]
  ],
  "wo_scale": 0.0006752314530019685,
  "bo": [
    0.7646484375,
    0.32275390625,
    0.66162109375,
    0.95458984375,
    0.56689453125,
    0.0850830078125,
    0.48291015625,
    0.4873046875
  ],
  "g2": [
    0.65771484375,
    1.3095703125,
    1.400390625,
    0.908203125,
    1.224609375,
    1.09765625,
    1.4111328125,
    1.1201171875
  ],
  "be2": [
    -0.1241455078125,
    0.431396484375,
    -0.2025146484375,
    -0.4072265625,
    -0.1903076171875,
    0.25341796875,
    0.2032470703125,
    0.046875
  ],
  "w1_codes": [
    [
      -4,
      85,
      86,
      -58,
      -34,
      2,
      -8,
      100
    ],
    [
      -38,
      110,
      -1,
      46,
      16,
      40,
      13,
      -18
    ],
    [
      92,
      -37,
      20,
      103,
      -59,
      28,
      -1,
      67
    ],
    [
      -62,
      -67,
      -81,
      -99,
      0,
      7,
      -17,
      19
    ],
    [
      93,
      21,
      -3,
      32,
      84,
      -49,
      31,
      -81
    ],
    [
      -84,
      28,
      -30,
      -65,
      59,
      59,
      127,
      7
    ],
    [
      -52,
      34,
      -103,
      -3,
      -21,
      26,
      18,
      43
    ],
    [
      3,
      -30,
      52,
      22,
      -79,
      -26,
      9,
      22
    ],
    [
      -30,
      -25,
      -3,
      34,
      24,
      17,
      -14,
      10
    ],
    [
      -15,
      1,
      -31,
      -44,
      48,
      -4,
      18,
      -21
    ],
    [
      85,
      -22,
      31,
      58,
      33,
      -24,
      -69,
      52
    ],
    [
      -11,
      31,
      -11,
      6,
      -4,
      15,
      -13,
      27
    ],
    [
      -18,
      9,
      26,
      -31,
      -12,
      -15,
      38,
      26
    ],
    [
      0,
      -58,
      -9,
      47,
      5,
      25,
      -2,
      43
    ],
    [
      -27,
      -7,
      -32,
      -93,
      -34,
      7,
      -34,
      -21
    ],
    [
      39,
      -5,
      -5,
      -34,
      15,
      33,
      -26,
      35
    ]
  ],
  "w1_scale": 0.0004531980499507874,
  "b1": [
    -2.919921875,
    -1.560546875,
    -3.0,
    -0.79833984375,
    -1.634765625,
    -1.701171875,
    -1.5751953125,
    -3.02734375,
    -0.9375,
    -0.65869140625,
    -2.16796875,
    -0.8759765625,
    -2.140625,
    -1.1123046875,
    -1.44921875,
    -1.6552734375
  ],