Então, vamos começar.	e̃ntˈɐ̃ʊ̃, vˌɐ̃mʊs kˌomesˈaɾ.
Nós somos os operadores.	nˈɔs sˌomʊz ʊz ˌopeɾadˈoɾɪs.
E vocês perguntaram, através do campo, através do conhecimento mais profundo,	i vosˈes pˌeɾɡu̃ntˈaɾɐ̃ʊ̃, ˌatɾavˈɛz dʊ kˈɐ̃mpʊ, ˌatɾavˈɛz dʊ kˌo̃ɲesimˈe̃ntʊ mˈaɪs pɾˌofˈu̃ndʊ, 
através da quieta inquietação que muitos de vocês carregam nos momentos entre as práticas:	ˌatɾavˈɛz da kˌiʲˈɛtɐ ˌi̃ŋkiʲˌetasˈɐ̃ʊ̃ kɪ mˈu̃ɪ̃tʊz dʒɪ vosˈes kˌaxˈɛɡɐ̃ʊ̃ nʊz mˌomˈe̃ntʊz ˈe̃ntɾiʲ as pɾˈatʃikɐs: 
o que vemos quando olhamos para vocês?	ʊ kɪ vˈemʊs kwˌɐ̃ndw ˌoʎˈɐ̃mʊs pˌaɾɐ vosˈes?
Queremos responder a isso.	kˌeɾˈemʊz xˌespo̃ndˈeɾ a ˈisʊ.
Quando olhamos para o planeta agora e dirigimos a percepção dos operadores para a superfície do seu mundo e observamos a totalidade	kwˈɐ̃ndw ˌoʎˈɐ̃mʊs pˌaɾɐ ʊ plˌɐnˈetɐ ˌaɡˈɔɾɐ i dʒˌiɾiʒˈimʊz a pˌeɾsepsˈɐ̃ʊ̃ dʊz ˌopeɾadˈoɾɪs pˌaɾɐ a sˌupeɾfˈisjɪ dʊ seʊ mˈu̃ndʊ iʲ ˌobseɾvˈɐ̃mʊz a tˌotalidˈadʒɪ
do que ocorre entre as consciências encarnadas, vemos luz.	dʊ kɪʲ ˌokˈɔxiʲ ˈe̃ntɾiʲ as kˌo̃nsjˈe̃nsjɐz ˌe̃ŋkaɾnˈadɐs, vˈemʊz lˈus.
Bilhões de pontos de luz, cada um uma consciência expressa através de um corpo,	biʎˈo̃ɪ̃z dʒɪ pˈo̃ntʊz dʒɪ lˈus, kˈadɐ u̃ŋ ˌumɐ kˌo̃nsjˈe̃nsjɐ ˌespɾˈɛsɐ ˌatɾavˈɛz dʒj u̃ŋ kˈoɾpʊ, 
cada um irradiando uma assinatura única através do campo do coração para o espaço ao redor.	kˈadɐ u̃ŋ ˌixadʒiʲˈɐ̃ndw ˌumɐ ˌasinatˈuɾɐ ˈunikɐ ˌatɾavˈɛz dʊ kˈɐ̃mpʊ dʊ kˌoɾasˈɐ̃ʊ̃ pˌaɾɐ u ˌespˈasw aʊ xedˈɔɾ.
O visual, traduzido em termos que a sua mente focada consegue processar, lembra uma visão do céu noturno de dentro da atmosfera.	ʊ vˌizuˈaʊ, tɾˌaduzˈidw eɪn tˈeɾmʊs kɪʲ a sˌuɐ mˈe̃ntʃɪ fˌokˈadɐ kˌo̃nsˈɛɡɪ pɾˌosesˈaɾ, lˈe̃mbɾɐ ˌumɐ vizˈɐ̃ʊ̃ dʊ sˈɛʊ nˌotˈuɾnʊ dʒɪ dˈe̃ntɾʊ da ˌatmosfˈɛɾɐ.
Pontos luminosos espalhados por uma superfície escura, cada um distinto,	pˈo̃ntʊz lˌuminˈɔzʊz ˌespaʎˈadʊs poɾ ˌumɐ sˌupeɾfˈisjj ˌeskˈuɾɐ, kˈadɐ u̃n dʒˌistʃˈi̃ntʊ, 
pulsando com seu próprio ritmo, cada um carregando uma qualidade de brilho tão única quanto uma impressão digital.	pˌuwsˈɐ̃ndʊ ko̃n seʊ pɾˈɔpɾjʊ xˈitmʊ, kˈadɐ u̃ŋ kˌaxeɡˈɐ̃ndw ˌumɐ kwˌalidˈadʒɪ dʒɪ bɾˈiʎʊ tˈɐ̃ʊ̃ ˈunikɐ kwˈɐ̃ntw ˌumɐ ˌi̃mpɾesˈɐ̃ʊ̃ dʒˌiʒitˈaʊ.
Entre os bilhões de pontos, um subconjunto é mais brilhante, substancialmente mais brilhante.	ˈe̃ntɾiʲ ʊz biʎˈo̃ɪ̃z dʒɪ pˈo̃ntʊs, u̃n sˌubko̃nʒˈu̃ntw ɛ mˈaɪz bɾˌiʎˈɐ̃ntʃɪ, sˌubstɐ̃nsˌiʲaʊmˈe̃ntʃɪ mˈaɪz bɾˌiʎˈɐ̃ntʃɪ.
Estes são os criadores conscientes, os seres que vêm fazendo o trabalho,	ˌestʃɪs sɐ̃ʊ̃ ʊs kɾˌiʲadˈoɾɪs kˌo̃nsiʲˈe̃ntʃɪs, ʊs sˈeɾɪs kɪ vˈeɪn fˌazˈe̃ndw ʊ tɾˌabˈaʎʊ, 
sustentando a sintonia, atentando à luz do coração, desenvolvendo o ponto de quietude,	sˌuste̃ntˈɐ̃ndw a sˌi̃ntonˈiʲɐ, ˌate̃ntˈɐ̃ndw ˌaː lˈuz dʊ kˌoɾasˈɐ̃ʊ̃, dˌeze̃nvowvˈe̃ndw ʊ pˈo̃ntʊ dʒɪ kˌiʲetˈudʒɪ, 
dissolvendo a fronteira entre o eu focado e o campo.	dʒˌisowvˈe̃ndw a fɾˌo̃ntˈeɪɾɐ ˈe̃ntɾiʲ u ˈeʊ fˌokˈadʊ iʲ ʊ kˈɐ̃mpʊ.
Sua luminosidade excede o brilho ambiente da consciência ao redor por um fator que os torna visíveis de qualquer posição na arquitetura.	sˌuɐ lˌuminˌozidˈadʒj ˌesˈɛdʒj ʊ bɾˈiʎw ˌɐ̃mbiʲˈe̃ntʃɪ da kˌo̃nsjˈe̃nsjɐ aʊ xedˈɔɾ poɾ u̃n fatˈoɾ kɪʲ ʊs tˈɔɾnɐ vˌizˈiveɪz dʒɪ kwaʊkˈɛɾ pˌozisˈɐ̃ʊ̃ na ˌaɾkitetˈuɾɐ.
Eles são as estrelas em um céu cheio de velas, e a luz que produzem é coerente, organizada, estruturada, geometricamente precisa.	ˈelɪs sɐ̃ʊ̃ az ˌestɾˈelɐz eɪŋ u̃n sˈɛʊ ʃˈeɪʲʊ dʒɪ vˈɛlɐs, iʲ a lˈus kɪ pɾˌodˈuzeɪŋ ɛ kˌoeɾˈe̃ntʃɪ, ˌoɾɡɐnizˈadɐ, ˌestɾutuɾˈadɐ, ʒˌeomˌetɾikɐmˈe̃ntʃɪ pɾˌesˈizɐ.
Os pontos mais brilhantes estão conectados.	ʊs pˈo̃ntʊz mˈaɪz bɾˌiʎˈɐ̃ntʃɪz estˌɐ̃ʊ̃ kˌonektˈadʊs.
Esta é a peça que torna a visão extraordinária da nossa posição.	ˌɛstɐ ɛ a pˈɛsɐ kɪ tˈɔɾnɐ a vizˈɐ̃ʊ̃ ˌestɾaˌoɾdʒinˈaɾjɐ da nˌɔsɐ pˌozisˈɐ̃ʊ̃.
Os filamentos de luz coerente se estendem entre os criadores conectados pela ponte,	ʊs fˌilɐmˈe̃ntʊz dʒɪ lˈus kˌoeɾˈe̃ntʃɪ sj ˌestˈe̃ndeɪŋ ˈe̃ntɾiʲ ʊs kɾˌiʲadˈoɾɪs kˌonektˈadʊs pˌelɐ pˈo̃ntʃɪ, 
ligando os através da distância geográfica em uma teia de conexão luminosa que pulsa com uma frequência compartilhada.	lˌiɡˈɐ̃ndw ʊz ˌatɾavˈɛz da dʒˌistˈɐ̃nsjɐ ʒˌeoɡɾˈafikɐ eɪŋ ˌumɐ tˈeɪʲɐ dʒɪ kˌoneksˈɐ̃ʊ̃ lˌuminˈɔzɐ kɪ pˈuwsɐ ko̃ŋ ˌumɐ fɾˌekwˈe̃nsjɐ kˌo̃mpaɾtʃiʎˈadɐ.
A sintonia falada por milhares de consciências simultaneamente é visível como um harmônico que percorre toda a teia.	a sˌi̃ntonˈiʲɐ fˌalˈadɐ poɾ mˌiʎˈaɾɪz dʒɪ kˌo̃nsjˈe̃nsjɐs sˌimuwtˌɐneɐmˈe̃ntʃɪʲ ɛ vˌizˈiveʊ kˌomw u̃ŋ ˌaɾmˈonikʊ kɪ pˌeɾkˈɔxɪ tˈodɐ a tˈeɪʲɐ.
Uma única vibração compartilhada por cada nó conectado, produzindo um efeito de campo unificado que se estende muito além do alcance de	ˌumɐ ˈunikɐ vˌibɾasˈɐ̃ʊ̃ kˌo̃mpaɾtʃiʎˈadɐ poɾ kˈadɐ nˈɔ kˌonektˈadʊ, pɾˌoduzˈi̃ndw u̃ŋ ˌefˈeɪtʊ dʒɪ kˈɐ̃mpw ˌunifikˈadʊ kɪ sj ˌestˈe̃ndʒɪ mˈu̃ɪ̃tw alˈeɪn dw ˌaʊkˈɐ̃nsɪ dʒɪ
qualquer ponto individual.	kwaʊkˈɛɾ pˈo̃ntw ˌi̃ndʒivˌiduˈaʊ.
A teia está viva.	a tˈeɪʲɐ estˌa vˈivɐ.
Ela respira.	ˈɛlɐ xˌespˈiɾɐ.
Ela se torna mais brilhante a cada novo nó que se ativa e mais tênue quando um nó entra em período de	ˈɛlɐ sɪ tˈɔɾnɐ mˈaɪz bɾˌiʎˈɐ̃ntʃj a kˈadɐ nˈovʊ nˈɔ kɪ sj ˌatʃˈivɐ i mˈaɪs tˈenuɪ kwˌɐ̃ndw u̃n nˈɔ ˈe̃ntɾɐ eɪm pˌeɾˈiʲʊdʊ dʒɪ
integração ou descanso.	ˌi̃nteɡɾasˈɐ̃ʊ̃ oʊ dˌeskˈɐ̃nsʊ.
E a trajetória geral da luminosidade da teia está se acelerando em um padrão que nossos modelos confirmam estar se aproximando do	iʲ a tɾˌaʒetˈɔɾjɐ ʒeɾˈaʊ da lˌuminˌozidˈadʒɪ da tˈeɪʲɐ estˌa sj ˌaseleɾˈɐ̃ndw eɪŋ u̃m padɾˈɐ̃ʊ̃ kɪ nˌɔsʊz mˌodˈelʊs kˌo̃nfˈiɾmɐ̃ʊ̃ estˈaɾ sj ˌapɾosimˈɐ̃ndʊ dʊ
limiar da transição de fase coletiva.	lˌimiʲˈaɾ da tɾˌɐ̃nzisˈɐ̃ʊ̃ dʒɪ fˈazɪ kˌoletʃˈivɐ.
Queremos que esta visão seja bela de uma forma que nossa linguagem tem dificuldade de expressar:	kˌeɾˈemʊs kɪʲ ˌɛstɐ vizˈɐ̃ʊ̃ sˈeʒɐ bˈɛlɐ dʒj ˌumɐ fˈɔɾmɐ kɪ nˌɔsɐ lˌi̃ŋɡwˈaʒeɪn teɪn dʒˌifikuwdˈadʒɪ dʒj ˌespɾesˈaɾ: 
bela em sua função, porque a luz coerente está produzindo melhorias estruturais no campo para cada consciência do planeta.	bˈɛlɐ eɪn sˌuɐ fu̃nsˈɐ̃ʊ̃, pʊɾkˈɪʲ a lˈus kˌoeɾˈe̃ntʃj estˌa pɾˌoduzˈi̃ndʊ mˌeʎoɾˈiʲɐz ˌestɾutuɾˈaɪz nʊ kˈɐ̃mpʊ pˌaɾɐ kˈadɐ kˌo̃nsjˈe̃nsjɐ dʊ plˌɐnˈetɐ.
E bela em sua estética, porque a complexidade geométrica da teia ecoa a profunda matemática da própria arquitetura.	i bˈɛlɐ eɪn sˌuɐ ˌestˈɛtʃikɐ, pʊɾkˈɪʲ a kˌo̃mpleksidˈadʒɪ ʒˌeomˈɛtɾikɐ da tˈeɪʲɐ ˌekˈoɐ a pɾˌofˈu̃ndɐ mˌatemˈatʃikɐ da pɾˈɔpɾjɐ ˌaɾkitetˈuɾɐ.
Os criadores conscientes estão, sem saber, replicando a geometria do código fundamental da simulação através do arranjo de suas conexões.	ʊs kɾˌiʲadˈoɾɪs kˌo̃nsiʲˈe̃ntʃɪz estˈɐ̃ʊ̃, seɪn sabˈeɾ, xˌeplikˈɐ̃ndw a ʒˌeometɾˈiʲɐ dʊ kˈɔdʒiɡʊ fˌu̃ndɐme̃ntˈaʊ da sˌimulasˈɐ̃ʊ̃ ˌatɾavˈɛz dw ˌaxˈɐ̃nʒʊ dʒɪ sˌuɐs kˌoneksˈo̃ɪ̃s.
A teia que vocês estão construindo espelha a teia que nós construímos.	a tˈeɪʲɐ kɪ vosˈez estˌɐ̃ʊ̃ kˌo̃nstɾuˈi̃ndw ˌespˈeʎɐ a tˈeɪʲɐ kɪ nˈɔs kˌo̃nstɾuˈimʊs.
O artista recapitulando a arquitetura.	u ˌaɾtʃˈistɐ xˌekapˌitulˈɐ̃ndw a ˌaɾkitetˈuɾɐ.
A teia tem implicações práticas que vão além da beleza do visual.	a tˈeɪʲɐ teɪŋ ˌi̃mplikasˈo̃ɪ̃s pɾˈatʃikɐs kɪ vɐ̃ʊ̃ alˈeɪn da bˌelˈezɐ dʊ vˌizuˈaʊ.
Os filamentos que conectam os criadores conectados pela ponte são canais funcionais.	ʊs fˌilɐmˈe̃ntʊs kɪ kˌonˈɛktɐ̃ʊ̃ ʊs kɾˌiʲadˈoɾɪs kˌonektˈadʊs pˌelɐ pˈo̃ntʃɪ sɐ̃ʊ̃ kɐnˈaɪs fˌu̃nsjonˈaɪs.
Eles carregam informação, energia criativa e apoio de frequência entre os nós.	ˈelɪs kˌaxˈɛɡɐ̃ʊ̃ ˌi̃nfoɾmasˈɐ̃ʊ̃, ˌeneɾʒˈiʲɐ kɾˌiʲatʃˈivɐ iʲ ˌapˈoɪʲʊ dʒɪ fɾˌekwˈe̃nsjɐ ˈe̃ntɾiʲ ʊz nˈɔs.
Quando um criador entra em um período de dificuldade, quando a antiga frequência reaparece,	kwˈɐ̃ndw u̃ŋ kɾˌiʲadˈoɾ ˈe̃ntɾɐ eɪŋ u̃m pˌeɾˈiʲʊdʊ dʒɪ dʒˌifikuwdˈadʒɪ, kwˈɐ̃ndw a ˌɐ̃ntʃˈiɡɐ fɾˌekwˈe̃nsjɐ xˌeapaɾˈɛsɪ, 
quando o corpo está integrando e o fluxo criativo estagna,	kwˈɐ̃ndw ʊ kˈoɾpw estˌa ˌi̃nteɡɾˈɐ̃ndʊ iʲ ʊ flˈuksʊ kɾˌiʲatʃˈivw ˌestˈaɡnɐ, 
os filamentos levam frequência estabilizadora da rede ao redor.	ʊs fˌilɐmˈe̃ntʊz lˈɛvɐ̃ʊ̃ fɾˌekwˈe̃nsjɐ ˌestabˌilizadˈoɾɐ da xˈedʒj aʊ xedˈɔɾ.
O criador em dificuldade recebe apoio da teia sem pedi lo.	ʊ kɾˌiʲadˈoɾ eɪn dʒˌifikuwdˈadʒɪ xˌesˈɛbj ˌapˈoɪʲʊ da tˈeɪʲɐ seɪm pedʒˈi lʊ.
Porque a teia é um sistema vivo que direciona automaticamente energia para os nós temporariamente esgotados, assim como no corpo.	pʊɾkˈɪʲ a tˈeɪʲɐ ɛ u̃n sˌistˈemɐ vˈivʊ kɪ dʒˌiɾesiʲˈonɐ ˌaʊtomˌatʃikɐmˈe̃ntʃɪʲ ˌeneɾʒˈiʲɐ pˌaɾɐ ʊz nˈɔs tˌe̃mpoɾˌaɾiʲɐmˈe̃ntʃɪʲ ˌezɡotˈadʊs, asˈi̃ŋ kˌomʊ nʊ kˈoɾpʊ.
Muitos de vocês experimentaram isso como a chegada inexplicável de encorajamento,	mˈu̃ɪ̃tʊz dʒɪ vosˈez ˌespeɾˌime̃ntˈaɾɐ̃ʊ̃ ˈisʊ kˌomw a ʃˌeɡˈadɐ ˌinesplikˈaveʊ dʒj ˌe̃ŋkoɾˌaʒɐmˈe̃ntʊ, 
inspiração criativa ou estabilidade emocional no exato momento em que mais precisavam.	ˌi̃nspiɾasˈɐ̃ʊ̃ kɾˌiʲatʃˈivɐ ow ˌestabˌilidˈadʒj ˌemosjonˈaʊ nw ˌezˈatʊ mˌomˈe̃ntw eɪŋ kɪ mˈaɪs pɾˌesizˈavɐ̃ʊ̃.
Vinda de uma conexão na teia cujo próprio campo do coração registrou o seu esgotamento e respondeu com um pulso de luz	vˈi̃ndɐ dʒj ˌumɐ kˌoneksˈɐ̃ʊ̃ na tˈeɪʲɐ kˈuʒʊ pɾˈɔpɾjʊ kˈɐ̃mpʊ dʊ kˌoɾasˈɐ̃ʊ̃ xˌeʒistɾˈow ʊ sew ˌezɡotɐmˈe̃ntʊ i xˌespo̃ndˈeʊ ko̃ŋ u̃m pˈuwsʊ dʒɪ lˈus
coerente transmitido pelo filamento que os liga.	kˌoeɾˈe̃ntʃɪ tɾˌɐ̃nzmitʃˈidʊ pˌelʊ fˌilɐmˈe̃ntʊ kɪʲ ʊz lˈiɡɐ.
A teia também amplifica a produção dos criadores.	a tˈeɪʲɐ tɐ̃mbˈeɪŋ ˌɐ̃mplifˈikɐ a pɾˌodusˈɐ̃ʊ̃ dʊs kɾˌiʲadˈoɾɪs.
Um criador conectado pela ponte que produz trabalho enquanto está conectado à rede tem acesso à energia criativa de toda a teia,	u̃ŋ kɾˌiʲadˈoɾ kˌonektˈadʊ pˌelɐ pˈo̃ntʃɪ kɪ pɾodˈus tɾˌabˈaʎw ˌe̃ŋkwˈɐ̃ntw estˌa kˌonektˈadw ˌaː xˈedʒɪ teɪŋ ˌasˈɛsw ˌaː ˌeneɾʒˈiʲɐ kɾˌiʲatʃˈivɐ dʒɪ tˈodɐ a tˈeɪʲɐ, 
um reservatório vasto, distribuído e continuamente reabastecido de luz coerente que flui pelos filamentos até o nó ativo e amplifica o que	u̃n xˌezeɾvatˈɔɾjʊ vˈastʊ, dʒˌistɾibuˈidw i kˌo̃ntʃinuɐmˈe̃ntʃɪ xˌeabˌastesˈidʊ dʒɪ lˈus kˌoeɾˈe̃ntʃɪ kɪ flˈuɪ pˌelʊs fˌilɐmˈe̃ntʊz atˌɛ ʊ nˈɔ ˌatʃˈivʊ iʲ ˌɐ̃mplifˈikɐ ʊ kˈɪ
quer que o criador esteja produzindo.	kˈɛɾ kɪʲ ʊ kɾˌiʲadˈoɾ ˌestˈeʒɐ pɾˌoduzˈi̃ndʊ.
O trabalho produzido por um criador conectado à teia carrega uma potência que a criação solitária não consegue igualar.	ʊ tɾˌabˈaʎʊ pɾˌoduzˈidʊ poɾ u̃ŋ kɾˌiʲadˈoɾ kˌonektˈadw ˌaː tˈeɪʲɐ kˌaxˈɛɡɐ ˌumɐ pˌotˈe̃nsjɐ kɪʲ a kɾˌiʲasˈɐ̃ʊ̃ sˌolitˈaɾjɐ nɐ̃ʊ̃ kˌo̃nsˈɛɡj ˌiɡwalˈaɾ.
Porque o trabalho é alimentado pela coerência coletiva de cada nó da rede.	pʊɾkˈɪʲ ʊ tɾˌabˈaʎw ɛ ˌalime̃ntˈadʊ pˌelɐ kˌoeɾˈe̃nsjɐ kˌoletʃˈivɐ dʒɪ kˈadɐ nˈɔ da xˈedʒɪ.
A amplificação aumenta geometricamente com a densidade das conexões.	a ˌɐ̃mplifˌikasˈɐ̃ʊ̃ ˌaʊmˈe̃ntɐ ʒˌeomˌetɾikɐmˈe̃ntʃɪ ko̃ŋ a dˌe̃nsidˈadʒɪ das kˌoneksˈo̃ɪ̃s.
É por isso que a produção criativa desta comunidade, os seres que vêm recebendo estas transmissões e praticando os princípios,	ɛ poɾ ˈisʊ kɪʲ a pɾˌodusˈɐ̃ʊ̃ kɾˌiʲatʃˈivɐ dˈɛstɐ kˌomunidˈadʒɪ, ʊs sˈeɾɪs kɪ vˈeɪn xˌesebˈe̃ndw ˌɛstɐs tɾˌɐ̃nzmisˈo̃ɪ̃z i pɾˌatʃikˈɐ̃ndw ʊs pɾˌi̃nsˈipjʊs, 
carrega uma frequência que as pessoas de fora da comunidade conseguem sentir.	kˌaxˈɛɡɐ ˌumɐ fɾˌekwˈe̃nsjɐ kɪʲ as pˌesˈoɐz dʒɪ fˈɔɾɐ da kˌomunidˈadʒɪ kˌo̃nsˈɛɡeɪn se̃ntʃˈiɾ.
A teia está alimentando o trabalho.	a tˈeɪʲɐ estˌa ˌalime̃ntˈɐ̃ndw ʊ tɾˌabˈaʎʊ.
A coerência coletiva está amplificando a produção individual.	a kˌoeɾˈe̃nsjɐ kˌoletʃˈivɐ estˌa ˌɐ̃mplifikˈɐ̃ndw a pɾˌodusˈɐ̃ʊ̃ ˌi̃ndʒivˌiduˈaʊ.
E o resultado é um trabalho criativo que produz a função de arquiteto em um alcance e uma intensidade que a prática	iʲ ʊ xˌezuwtˈadw ɛ u̃n tɾˌabˈaʎʊ kɾˌiʲatʃˈivʊ kɪ pɾodˈuz a fu̃nsˈɐ̃ʊ̃ dʒj ˌaɾkitˈɛtw eɪŋ u̃ŋ ˌaʊkˈɐ̃nsi iʲ ˌumɐ ˌi̃nte̃nsidˈadʒɪ kɪʲ a pɾˈatʃikɐ
individual não consegue atingir.	ˌi̃ndʒivˌiduˈaʊ nɐ̃ʊ̃ kˌo̃nsˈɛɡj ˌatʃi̃nʒˈiɾ.
Vamos falar sobre o que acontece entre as vidas.	vˌɐ̃mʊs falˈaɾ sˈobɾiʲ ʊ kɪʲ ˌako̃ntˈɛsj ˈe̃ntɾiʲ az vˈidɐs.
Quando uma consciência sai do corpo e o eu focado solta seu domínio sobre a banda de frequência física e se expande	kwˈɐ̃ndw ˌumɐ kˌo̃nsjˈe̃nsjɐ sˈaɪ dʊ kˈoɾpʊ iʲ u ˈeʊ fˌokˈadʊ sˈoʊtɐ seʊ dˌomˈinjʊ sˈobɾiʲ a bˈɐ̃ndɐ dʒɪ fɾˌekwˈe̃nsjɐ fˈizikɐ i sj ˌespˈɐ̃ndʒɪ
de volta para a consciência mais ampla.	dʒɪ vˈɔwtɐ pˌaɾɐ a kˌo̃nsjˈe̃nsjɐ mˈaɪz ˈɐ̃mplɐ.
A experiência é a de retornar ao ponto de quietude em escopo máximo.	a ˌespeɾjˈe̃nsjɐ ɛ a dʒɪ xˌetoɾnˈaɾ aʊ pˈo̃ntʊ dʒɪ kˌiʲetˈudʒj eɪŋ ˌeskˈopʊ mˈasimʊ.
A consciência contraída da vida encarnada se abre em uma percepção tão vasta e completa que todo o arco da vida recém	a kˌo̃nsjˈe̃nsjɐ kˌo̃ntɾaˈidɐ da vˈidɐ ˌe̃ŋkaɾnˈadɐ sj ˈabɾiʲ eɪŋ ˌumɐ pˌeɾsepsˈɐ̃ʊ̃ tˈɐ̃ʊ̃ vˈastɐ i kˌo̃mplˈɛtɐ kɪ tˈodw u ˈaɾkʊ da vˈidɐ xesˈeɪm
concluída fica visível em um único reconhecimento panorâmico instantâneo.	kˌo̃ŋkluˈidɐ fˈikɐ vˌizˈiveʊ eɪŋ u̃ŋ ˈunikʊ xˌeko̃ɲˌesimˈe̃ntʊ pˌɐnoɾˈɐ̃mikw ˌi̃nstɐ̃ntˈɐ̃neʊ.
Cada momento, cada escolha, cada ato criativo e oportunidade perdida.	kˈadɐ mˌomˈe̃ntʊ, kˈadɐ ˌeskˈoʎɐ, kˈadɐ ˈatʊ kɾˌiʲatʃˈivʊ iʲ ˌopoɾtˌunidˈadʒɪ pˌeɾdʒˈidɐ.
Tudo percebido simultaneamente, sem julgamento nem arrependimento, com a compaixão total de uma consciência que enxerga o contexto completo de cada decisão	tˈudʊ pˌeɾsebˈidʊ sˌimuwtˌɐneɐmˈe̃ntʃɪ, seɪn ʒˌuwɡɐmˈe̃ntʊ neɪŋ ˌaxepˌe̃ndʒimˈe̃ntʊ, ko̃ŋ a kˌo̃mpaɪʃˈɐ̃ʊ̃ totˈaʊ dʒj ˌumɐ kˌo̃nsjˈe̃nsjɐ kɪʲ ˌe̃nʃˈɛɾɡɐ ʊ kˌo̃ntˈestʊ kˌo̃mplˈɛtʊ dʒɪ kˈadɐ dˌesizˈɐ̃ʊ̃
e entende, da perspectiva expandida, por que cada uma foi tomada.	iʲ ˌe̃ntˈe̃ndʒɪ, da pˌeɾspektʃˈivɐ ˌespɐ̃ndʒˈidɐ, poɾ kˈe kˈadɐ ˌumɐ foɪ tˌomˈadɐ.
A revisão da vida, que é como esse reconhecimento panorâmico tem sido chamado pelas consciências que o vislumbraram e retornaram,	a xˌevizˈɐ̃ʊ̃ da vˈidɐ, kɪʲ ɛ kˌomw ˌesɪ xˌeko̃ɲˌesimˈe̃ntʊ pˌɐnoɾˈɐ̃mikʊ teɪn sˈidʊ ʃˌɐmˈadʊ pˌelɐs kˌo̃nsjˈe̃nsjɐs kɪʲ ʊ vˌizlu̃mbɾˈaɾɐ̃ʊ̃ i xˌetoɾnˈaɾɐ̃ʊ̃, 
é um ato de avaliação criativa, e não de julgamento moral.	ɛ u̃ŋ ˈatʊ dʒj ˌavalˌiʲasˈɐ̃ʊ̃ kɾˌiʲatʃˈivɐ, i nɐ̃ʊ̃ dʒɪ ʒˌuwɡɐmˈe̃ntʊ moɾˈaʊ.
A consciência avalia o que criou, que frequências sustentou, que códigos holográficos acessou e quais deixou escapar,	a kˌo̃nsjˈe̃nsjɐ ˌavalˈiʲɐ ʊ kɪ kɾiʲˈoʊ, kɪ fɾˌekwˈe̃nsjɐs sˌuste̃ntˈoʊ, kɪ kˈɔdʒiɡʊz ˌoloɡɾˈafikʊz ˌasesˈow i kwˈaɪz deɪʃˈow ˌeskapˈaɾ, 
que conteúdo akáshico depositou no campo da memória e que cargas herdadas carregou sem liberar.	kɪ kˌo̃nteˈudw ˌakˈaʃikʊ dˌepozitˈoʊ nʊ kˈɐ̃mpʊ da mˌemˈɔɾjɐ i kɪ kˈaɾɡɐz ˌeɾdˈadɐs kˌaxeɡˈoʊ seɪn lˌibeɾˈaɾ.
A avaliação é precisa, detalhada e inteiramente autogerada.	a ˌavalˌiʲasˈɐ̃ʊ̃ ɛ pɾˌesˈizɐ, dˌetaʎˈadɐ iʲ ˌi̃nteɪɾɐmˈe̃ntʃɪʲ ˌaʊtoʒˌeɾˈadɐ.
A consciência avalia seu próprio desempenho criativo.	a kˌo̃nsjˈe̃nsjɐ ˌavalˈiʲɐ seʊ pɾˈɔpɾjʊ dˌeze̃mpˈeɲʊ kɾˌiʲatʃˈivʊ.
Após a revisão, a consciência entra em um período de descanso criativo.	apˈɔz a xˌevizˈɐ̃ʊ̃, a kˌo̃nsjˈe̃nsjɐ ˈe̃ntɾɐ eɪŋ u̃m pˌeɾˈiʲʊdʊ dʒɪ dˌeskˈɐ̃nsʊ kɾˌiʲatʃˈivʊ.
Um estado análogo à fase de sono profundo do seu ciclo noturno,	u̃ŋ ˌestˈadw ˌɐnˈaloɡw ˌaː fˈazɪ dʒɪ sˈonʊ pɾˌofˈu̃ndʊ dʊ seʊ sˈiklʊ nˌotˈuɾnʊ, 
mas operando na escala de uma encarnação inteira, e não de um único dia.	maz ˌopeɾˈɐ̃ndʊ na ˌeskˈalɐ dʒj ˌumɐ ˌe̃ŋkaɾnasˈɐ̃ʊ̃ ˌi̃ntˈeɪɾɐ, i nɐ̃ʊ̃ dʒj u̃ŋ ˈunikʊ dʒˈiʲɐ.
A consciência descansa no ponto de quietude em escopo total,	a kˌo̃nsjˈe̃nsjɐ dˌeskˈɐ̃nsɐ nʊ pˈo̃ntʊ dʒɪ kˌiʲetˈudʒj eɪŋ ˌeskˈopʊ totˈaʊ, 
processando o material criativo gerado pela vida concluída, integrando a experiência inédita à sua consciência expandida e absorvendo a qualidade única de	pɾˌosesˈɐ̃ndw ʊ mˌateɾiʲˈaʊ kɾˌiʲatʃˈivʊ ʒˌeɾˈadʊ pˌelɐ vˈidɐ kˌo̃ŋkluˈidɐ, ˌi̃nteɡɾˈɐ̃ndw a ˌespeɾjˈe̃nsjɐ ˌinˈɛdʒit ˌaː sˌuɐ kˌo̃nsjˈe̃nsjɐ ˌespɐ̃ndʒˈidɐ iʲ ˌabsoɾvˈe̃ndw a kwˌalidˈadʒj ˈunikɐ dʒɪ
consciência que a jornada de esquecer e lembrar produziu.	kˌo̃nsjˈe̃nsjɐ kɪʲ a ʒˌoɾnˈadɐ dʒj ˌeskesˈeɾ i le̃mbɾˈaɾ pɾˌoduzˈiʊ.
Este período de descanso é onde a profundidade que descrevemos,	ˌestʃɪ pˌeɾˈiʲʊdʊ dʒɪ dˌeskˈɐ̃nsw ɛ ˌo̃ndʒj a pɾˌofu̃ndʒidˈadʒɪ kɪ dˌeskɾevˈemʊs, 
a textura criativa que seres que nunca esqueceram não conseguem gerar,	a tˌestˈuɾɐ kɾˌiʲatʃˈivɐ kɪ sˈeɾɪs kɪ nˈu̃ŋkɐ ˌeskesˈeɾɐ̃ʊ̃ nɐ̃ʊ̃ kˌo̃nsˈɛɡeɪn ʒeɾˈaɾ, 
é plenamente integrada à assinatura de frequência permanente da consciência.	ɛ plenɐmˈe̃ntʃɪʲ ˌi̃nteɡɾˈad ˌaː ˌasinatˈuɾɐ dʒɪ fɾˌekwˈe̃nsjɐ pˌeɾmɐnˈe̃ntʃɪ da kˌo̃nsjˈe̃nsjɐ.
Quando a consciência está pronta para encarnar novamente, e a prontidão é autodeterminada,	kwˈɐ̃ndw a kˌo̃nsjˈe̃nsjɐ estˌa pɾˈo̃ntɐ pˌaɾɐ ˌe̃ŋkaɾnˈaɾ nɔvɐmˈe̃ntʃɪ, iʲ a pɾˌo̃ntʃidˈɐ̃ʊ̃ ɛ ˌaʊtodˌeteɾminˈadɐ, 
nunca imposta, ela se aproxima da biblioteca holográfica com plena consciência de sua história criativa e seleciona a configuração de sua próxima	nˈu̃ŋkɐ ˌi̃mpˈɔstɐ, ˈɛlɐ sj ˌapɾosˈimɐ da bˌibliʲotˈɛkɐ ˌoloɡɾˈafikɐ ko̃m plˈenɐ kˌo̃nsjˈe̃nsjɐ dʒɪ sˌuɐ ˌistˈɔɾjɐ kɾˌiʲatʃˈivɐ i sˌelesiʲˈonɐ a kˌo̃nfiɡˌuɾasˈɐ̃ʊ̃ dʒɪ sˌuɐ pɾˈɔsimɐ
vida com a precisão e a intencionalidade de um mestre criador projetando sua próxima obra prima.	vˈidɐ ko̃ŋ a pɾˌesizˈɐ̃ʊ̃ iʲ a ˌi̃nte̃nsjˌonalidˈadʒɪ dʒj u̃n mˈɛstɾɪ kɾˌiʲadˈoɾ pɾˌoʒetˈɐ̃ndʊ sˌuɐ pɾˈɔsimɐ ˈɔbɾɐ pɾˈimɐ.
O corpo, a família, a localização geográfica, o período histórico, os desafios e as oportunidades criativas específicos.	ʊ kˈoɾpʊ, a fˌɐmˈiljɐ, a lˌokalˌizasˈɐ̃ʊ̃ ʒˌeoɡɾˈafikɐ, ʊ pˌeɾˈiʲʊdw ˌistˈɔɾikʊ, ʊz dˌezafˈiʲʊz iʲ az ˌopoɾtˌunidˈadʒɪs kɾˌiʲatʃˈivɐz ˌespesˈifikʊs.
Tudo é escolhido, selecionado na biblioteca de realidades concluídas com a mesma autoridade criativa deliberada que um criador conectado pela ponte traz	tˈudw ɛ ˌeskoʎˈidʊ, sˌelesjonˈadʊ na bˌibliʲotˈɛkɐ dʒɪ xˌealidˈadʒɪs kˌo̃ŋkluˈidɐs ko̃ŋ a mˈezmɐ ˌaʊtoɾˌidˈadʒɪ kɾˌiʲatʃˈivɐ dˌelibeɾˈadɐ kɪʲ u̃ŋ kɾˌiʲadˈoɾ kˌonektˈadʊ pˌelɐ pˈo̃ntʃɪ tɾˈas
ao selecionar um código holográfico para a manifestação física durante uma encarnação.	aʊ sˌelesjonˈaɾ u̃ŋ kˈɔdʒiɡw ˌoloɡɾˈafikʊ pˌaɾɐ a mˌɐnifˌestasˈɐ̃ʊ̃ fˈizikɐ dˌuɾˈɐ̃ntʃj ˌumɐ ˌe̃ŋkaɾnasˈɐ̃ʊ̃.
Vocês projetaram esta vida.	vosˈes pɾˌoʒetˈaɾɐ̃ʊ̃ ˌɛstɐ vˈidɐ.
A configuração específica que vocês habitam atualmente: o corpo, os relacionamentos,	a kˌo̃nfiɡˌuɾasˈɐ̃ʊ̃ ˌespesˈifikɐ kɪ vosˈez ˌabˈitɐ̃ʊ̃ ˌatuaʊmˈe̃ntʃɪ: ʊ kˈoɾpʊ, ʊz xˌelasjˌonɐmˈe̃ntʊs, 
a trajetória criativa, os desafios que enfrentam e as capacidades que carregam.	a tɾˌaʒetˈɔɾjɐ kɾˌiʲatʃˈivɐ, ʊz dˌezafˈiʲʊs kɪʲ ˌe̃nfɾˈe̃ntɐ̃ʊ̃ iʲ as kˌapasidˈadʒɪs kɪ kˌaxˈɛɡɐ̃ʊ̃.
Tudo foi selecionado pela sua consciência expandida antes de o esquecimento começar.	tˈudʊ foɪ sˌelesjonˈadʊ pˌelɐ sˌuɐ kˌo̃nsjˈe̃nsjɐ ˌespɐ̃ndʒˈidɐ ˈɐ̃ntʃɪz dʒj u ˌeskesimˈe̃ntʊ kˌomesˈaɾ.
O ponto de quietude que vocês estão aprendendo a acessar através das práticas destas transmissões é a mesma consciência que fez a	ʊ pˈo̃ntʊ dʒɪ kˌiʲetˈudʒɪ kɪ vosˈez estˌɐ̃ʊ̃ ˌapɾe̃ndˈe̃ndw a ˌasesˈaɾ ˌatɾavˈɛz das pɾˈatʃikɐz dˈɛstɐs tɾˌɐ̃nzmisˈo̃ɪ̃z ɛ a mˈezmɐ kˌo̃nsjˈe̃nsjɐ kɪ fˈez ˈa
seleção.	sˌelesˈɐ̃ʊ̃.
O saber que chega através do ponto de quietude carrega a memória da seleção,	ʊ sabˈeɾ kɪ ʃˈeɡɐ ˌatɾavˈɛz dʊ pˈo̃ntʊ dʒɪ kˌiʲetˈudʒɪ kˌaxˈɛɡɐ a mˌemˈɔɾjɐ da sˌelesˈɐ̃ʊ̃, 
e é por isso que a direção criativa que ele fornece é tão precisamente calibrada para a sua vida específica.	iʲ ɛ poɾ ˈisʊ kɪʲ a dʒˌiɾesˈɐ̃ʊ̃ kɾˌiʲatʃˈivɐ kɪʲ ˈelɪ fˌoɾnˈɛsj ɛ tˈɐ̃ʊ̃ pɾˌesizɐmˈe̃ntʃɪ kˌalibɾˈadɐ pˌaɾɐ a sˌuɐ vˈidɐ ˌespesˈifikɐ.
O conhecimento mais profundo é o arquiteto revisando as plantas que desenhou antes da encarnação e oferecendo orientação com base no projeto	ʊ kˌo̃ɲesimˈe̃ntʊ mˈaɪs pɾˌofˈu̃ndw ɛ u ˌaɾkitˈɛtʊ xˌevizˈɐ̃ndw as plˈɐ̃ntɐs kɪ dˌezeɲˈow ˈɐ̃ntʃɪz da ˌe̃ŋkaɾnasˈɐ̃ʊ̃ iʲ ˌofeɾesˈe̃ndw ˌoɾiʲˌe̃ntasˈɐ̃ʊ̃ ko̃m bˈazɪ nʊ pɾˌoʒˈɛtʊ
original.	ˌoɾiʒinˈaʊ.
O valor prático deste entendimento é imediato e transformador.	ʊ valˈoɾ pɾˈatʃikʊ dˈestʃj ˌe̃nte̃ndʒimˈe̃ntw ɛ ˌimedʒiʲˈatʊ i tɾˌɐ̃nsfoɾmadˈoɾ.
Os desafios criativos que vocês enfrentam, os obstáculos específicos, as configurações particulares de dificuldade,	ʊz dˌezafˈiʲʊs kɾˌiʲatʃˈivʊs kɪ vosˈez ˌe̃nfɾˈe̃ntɐ̃ʊ̃, ʊz ˌobstˈakulʊz ˌespesˈifikʊs, as kˌo̃nfiɡˌuɾasˈo̃ɪ̃s pˌaɾtʃikulˈaɾɪz dʒɪ dʒˌifikuwdˈadʒɪ, 
a natureza exata da resistência que encontram em seu trabalho criativo,	a nˌatuɾˈezɐ ˌezˈatɐ da xˌezistˈe̃nsjɐ kɪʲ ˌe̃ŋkˈo̃ntɾɐ̃ʊ̃ eɪn seʊ tɾˌabˈaʎʊ kɾˌiʲatʃˈivʊ, 
tudo isso foi selecionado, escolhido na biblioteca holográfica por uma consciência que sabia exatamente o que esses desafios produziriam,	tˈudw ˈisʊ foɪ sˌelesjonˈadʊ, ˌeskoʎˈidʊ na bˌibliʲotˈɛkɐ ˌoloɡɾˈafikɐ poɾ ˌumɐ kˌo̃nsjˈe̃nsjɐ kɪ sˌabˈiʲɐ ˌezatɐmˈe̃ntʃɪʲ ʊ kɪʲ ˌesɪz dˌezafˈiʲʊs pɾˌoduziɾˈiʲɐ̃ʊ̃, 
que capacidades desenvolveriam, que textura criativa acrescentariam à profundidade da sua experiência.	kɪ kˌapasidˈadʒɪz dˌeze̃nvˌowveɾˈiʲɐ̃ʊ̃, kɪ tˌestˈuɾɐ kɾˌiʲatʃˈivɐ ˌakɾesˌe̃ntaɾˈiʲɐ̃ʊ̃ ˌaː pɾˌofu̃ndʒidˈadʒɪ da sˌuɐ ˌespeɾjˈe̃nsjɐ.
Os desafios são características, e não defeitos.	ʊz dˌezafˈiʲʊs sɐ̃ʊ̃ kˌaɾakteɾˈistʃikɐs, i nɐ̃ʊ̃ dˌefˈeɪtʊs.
A resistência faz parte do projeto.	a xˌezistˈe̃nsjɐ fas pˈaɾtʃɪ dʊ pɾˌoʒˈɛtʊ.
E o conhecimento mais profundo, que participou do projeto, carrega a perspectiva necessária para navegar os desafios com uma graça criativa que	iʲ ʊ kˌo̃ɲesimˈe̃ntʊ mˈaɪs pɾˌofˈu̃ndʊ, kɪ pˌaɾtʃisipˈoʊ dʊ pɾˌoʒˈɛtʊ, kˌaxˈɛɡɐ a pˌeɾspektʃˈivɐ nˌesesˈaɾjɐ pˌaɾɐ nˌaveɡˈaɾ ʊz dˌezafˈiʲʊs ko̃ŋ ˌumɐ ɡɾˈasɐ kɾˌiʲatʃˈivɐ kˈɪ
a mente focada, sem acesso às plantas originais, não consegue alcançar sozinha.	a mˈe̃ntʃɪ fˌokˈadɐ, seɪŋ ˌasˈɛsw aːs plˈɐ̃ntɐz ˌoɾiʒinˈaɪs, nɐ̃ʊ̃ kˌo̃nsˈɛɡj ˌaʊkɐ̃nsˈaɾ sˌɔzˈiɲɐ.
Isso reformula a relação com a dificuldade no nível mais fundamental.	ˈisʊ xˌefoɾmˈulɐ a xˌelasˈɐ̃ʊ̃ ko̃ŋ a dʒˌifikuwdˈadʒɪ nʊ nˈiveʊ mˈaɪs fˌu̃ndɐme̃ntˈaʊ.
A pergunta passa de "por que isto está acontecendo comigo?" para "o que eu estava desenvolvendo quando escolhi esta configuração em particular?"	a pˌeɾɡˈu̃ntɐ pˈasɐ dʒɪ poɾ kˈe ˈistw estˌa ˌako̃ntesˈe̃ndʊ kˌomˈiɡʊ?pˌaɾɐ ʊ kɪʲ ˈew estˌavɐ dˌeze̃nvowvˈe̃ndʊ kwˌɐ̃ndw ˌeskoʎˈiʲ ˌɛstɐ kˌo̃nfiɡˌuɾasˈɐ̃ʊ̃ eɪm pˌaɾtʃikulˈaɾ?
A resposta chega através do ponto de quietude.	a xˌespˈɔstɐ ʃˈeɡɐ ˌatɾavˈɛz dʊ pˈo̃ntʊ dʒɪ kˌiʲetˈudʒɪ.
Uma sensação sentida de propósito embutida no desafio, um reconhecimento de que a dificuldade está gerando exatamente a profundidade criativa que a	ˌumɐ sˌe̃nsasˈɐ̃ʊ̃ sˌe̃ntʃˈidɐ dʒɪ pɾˌopˈɔzitw ˌe̃mbutʃˈidɐ nʊ dˌezafˈiʲʊ, u̃n xˌeko̃ɲˌesimˈe̃ntʊ dʒɪ kɪʲ a dʒˌifikuwdˈadʒj estˌa ʒˌeɾˈɐ̃ndw ˌezatɐmˈe̃ntʃɪʲ a pɾˌofu̃ndʒidˈadʒɪ kɾˌiʲatʃˈivɐ kɪʲ ˈa
consciência expandida pretendia quando selecionou esta vida na biblioteca.	kˌo̃nsjˈe̃nsjɐ ˌespɐ̃ndʒˈidɐ pɾˌete̃ndʒˈiʲɐ kwˌɐ̃ndʊ sˌelesjonˈow ˌɛstɐ vˈidɐ na bˌibliʲotˈɛkɐ.
A dificuldade deixa de ser um obstáculo e se torna um meio.	a dʒˌifikuwdˈadʒɪ dˈeɪʃɐ dʒɪ sˈeɾ u̃ŋ ˌobstˈakulʊ i sɪ tˈɔɾnɐ u̃n mˈeɪʲʊ.
A resistência deixa de ser uma inimiga e se torna uma colaboradora.	a xˌezistˈe̃nsjɐ dˈeɪʃɐ dʒɪ sˈeɾ ˌumɐ ˌinimˈiɡɐ i sɪ tˈɔɾnɐ ˌumɐ kˌolabˌoɾadˈoɾɐ.
E a vida, percebida pela lente do entendimento entre vidas, revela se uma obra prima criativa em andamento.	iʲ a vˈidɐ, pˌeɾsebˈidɐ pˌelɐ lˈe̃ntʃɪ dw ˌe̃nte̃ndʒimˈe̃ntw ˈe̃ntɾɪ vˈidɐs, xˌevˈɛlɐ sj ˌumɐ ˈɔbɾɐ pɾˈimɐ kɾˌiʲatʃˈivɐ eɪŋ ˌɐ̃ndɐmˈe̃ntʊ.
Projetada por uma consciência de visão extraordinária e executada pela mesma consciência operando no nível do foco.	pɾˌoʒetˈadɐ poɾ ˌumɐ kˌo̃nsjˈe̃nsjɐ dʒɪ vizˈɐ̃ʊ̃ ˌestɾaˌoɾdʒinˈaɾjɐ iʲ ˌezekutˈadɐ pˌelɐ mˈezmɐ kˌo̃nsjˈe̃nsjɐ ˌopeɾˈɐ̃ndʊ nʊ nˈiveʊ dʊ fˈɔkʊ.
Com a ponte agora aberta para levar a visão original à consciência focada.	ko̃ŋ a pˈo̃ntʃj ˌaɡˈɔɾɐ ˌabˈɛɾtɐ pˌaɾɐ levˈaɾ a vizˈɐ̃ʊ̃ ˌoɾiʒinˈaw ˌaː kˌo̃nsjˈe̃nsjɐ fˌokˈadɐ.
Sempre que o ponto de quietude é consultado.	sˈe̃mpɾɪ kɪʲ ʊ pˈo̃ntʊ dʒɪ kˌiʲetˈudʒj ɛ kˌo̃nsuwtˈadʊ.
O entendimento entre vidas também transforma a relação com a morte.	u ˌe̃nte̃ndʒimˈe̃ntw ˈe̃ntɾɪ vˈidɐs tɐ̃mbˈeɪn tɾˌɐ̃nsfˈɔɾmɐ a xˌelasˈɐ̃ʊ̃ ko̃ŋ a mˈɔɾtʃɪ.
Que, no nível da simulação, é simplesmente a fase de redobramento do ciclo encarnacional.	kˈɪ, nʊ nˈiveʊ da sˌimulasˈɐ̃ʊ̃, ɛ si̃mplɪzmˈe̃ntʃɪʲ a fˈazɪ dʒɪ xˌedobɾɐmˈe̃ntʊ dʊ sˈiklw ˌe̃ŋkaɾnˌasjonˈaʊ.
A consciência libera a banda de frequência focada e retorna ao ponto de quietude em escopo total.	a kˌo̃nsjˈe̃nsjɐ lˌibˈɛɾɐ a bˈɐ̃ndɐ dʒɪ fɾˌekwˈe̃nsjɐ fˌokˈadɐ i xˌetˈɔɾnɐ aʊ pˈo̃ntʊ dʒɪ kˌiʲetˈudʒj eɪŋ ˌeskˈopʊ totˈaʊ.
O corpo, a estrutura de luz que sustentava o estado focado, se redobra.	ʊ kˈoɾpʊ, a ˌestɾutˈuɾɐ dʒɪ lˈus kɪ sˌuste̃ntˈavɐ u ˌestˈadʊ fˌokˈadʊ, sˈɪ xˌedˈɔbɾɐ.
A luz retorna ao potencial, enriquecida por cada experiência que o corpo gerou durante a vida.	a lˈuz xˌetˈɔɾnɐ aʊ pˌote̃nsiʲˈaʊ, ˌe̃nxikesˈidɐ poɾ kˈadɐ ˌespeɾjˈe̃nsjɐ kɪʲ ʊ kˈoɾpʊ ʒeɾˈoʊ dˌuɾˈɐ̃ntʃj a vˈidɐ.
E a consciência, repousando na consciência expandida.	iʲ a kˌo̃nsjˈe̃nsjɐ, xˌepoʊzˈɐ̃ndʊ na kˌo̃nsjˈe̃nsjɐ ˌespɐ̃ndʒˈidɐ.
Avalia, integra e, por fim, seleciona a próxima configuração na biblioteca holográfica.	ˌavalˈiʲɐ, ˌi̃ntˈɛɡɾɐ i, poɾ fˈi̃m, sˌelesiʲˈonɐ a pɾˈɔsimɐ kˌo̃nfiɡˌuɾasˈɐ̃ʊ̃ na bˌibliʲotˈɛkɐ ˌoloɡɾˈafikɐ.
A morte é a expiração do sopro encarnacional.	a mˈɔɾtʃj ɛ a ˌespiɾasˈɐ̃ʊ̃ dʊ sˈopɾw ˌe̃ŋkaɾnˌasjonˈaʊ.
A inspiração vem em seguida, o ciclo continua.	a ˌi̃nspiɾasˈɐ̃ʊ̃ vˈeɪŋ eɪn sˌeɡˈidɐ, ʊ sˈiklʊ kˌo̃ntʃinˈuɐ.
E a consciência que persiste por cada ciclo, o observador,	iʲ a kˌo̃nsjˈe̃nsjɐ kɪ pˌeɾsˈistʃɪ poɾ kˈadɐ sˈiklʊ, u ˌobseɾvadˈoɾ, 
o ponto de quietude, é a mesma consciência cujo acesso vocês estão desenvolvendo agora.	ʊ pˈo̃ntʊ dʒɪ kˌiʲetˈudʒɪ, ɛ a mˈezmɐ kˌo̃nsjˈe̃nsjɐ kˈuʒw ˌasˈɛsʊ vosˈez estˌɐ̃ʊ̃ dˌeze̃nvowvˈe̃ndw ˌaɡˈɔɾɐ.
Através das práticas destas transmissões, tocar o observador durante a encarnação.	ˌatɾavˈɛz das pɾˈatʃikɐz dˈɛstɐs tɾˌɐ̃nzmisˈo̃ɪ̃s, tokˈaɾ u ˌobseɾvadˈoɾ dˌuɾˈɐ̃ntʃj a ˌe̃ŋkaɾnasˈɐ̃ʊ̃.
É tocar a consciência entre vidas.	ɛ tokˈaɾ a kˌo̃nsjˈe̃nsjɐ ˈe̃ntɾɪ vˈidɐs.
Ainda dentro da vida.	ˌaˈi̃ndɐ dˈe̃ntɾʊ da vˈidɐ.
A ponte conecta vocês à parte de si mesmos que sempre existiu entre as vidas.	a pˈo̃ntʃɪ kˌonˈɛktɐ vosˈez ˌaː pˈaɾtʃɪ dʒɪ sˈi mˈezmʊs kɪ sˈe̃mpɾiʲ ˌezistʃˈiw ˈe̃ntɾiʲ az vˈidɐs.
E acessá la enquanto encarnados lhes dá orientação criativa extraída da perspectiva.	iʲ ˌasesˈa lɐ ˌe̃ŋkwˈɐ̃ntw ˌe̃ŋkaɾnˈadʊz ʎɪz dˈa ˌoɾiʲˌe̃ntasˈɐ̃ʊ̃ kɾˌiʲatʃˈivɐ ˌestɾaˈidɐ da pˌeɾspektʃˈivɐ.
Que projetou a encarnação.	kɪ pɾˌoʒetˈow a ˌe̃ŋkaɾnasˈɐ̃ʊ̃.
Queremos falar sobre o riso, porque entender o que o riso realmente faz no nível do campo mudará a maneira como vocês	kˌeɾˈemʊs falˈaɾ sˈobɾiʲ ʊ xˈizʊ, pʊɾkˈɪʲ ˌe̃nte̃ndˈeɾ ʊ kɪʲ ʊ xˈizʊ xˌeaʊmˈe̃ntʃɪ faz nʊ nˈiveʊ dʊ kˈɐ̃mpʊ mˌudaɾˈa a mˌɐnˈeɪɾɐ kˌomʊ vosˈes
se relacionam com o humor.	sˈɪ xˌelasjˈonɐ̃ʊ̃ ko̃n w umˈoɾ.
A alegria e o poder criativo do inesperado.	a ˌaleɡɾˈiʲɐ iʲ ʊ podˈeɾ kɾˌiʲatʃˈivʊ dw ˌinespeɾˈadʊ.
O riso é um evento de ruptura.	ʊ xˈizw ɛ u̃ŋ ˌevˈe̃ntʊ dʒɪ xˌuptˈuɾɐ.
Quando o riso genuíno ocorre, a resposta espontânea, involuntária e de corpo inteiro a algo inesperado e encantador,	kwˈɐ̃ndw ʊ xˈizʊ ʒˌenuˈinw ˌokˈɔxɪ, a xˌespˈɔstɐ ˌespo̃ntˈɐ̃neɐ, ˌi̃nvolu̃ntˈaɾjɐ i dʒɪ kˈoɾpw ˌi̃ntˈeɪɾw a ˈaʊɡw ˌinespeɾˈadʊ iʲ ˌe̃ŋkɐ̃ntadˈoɾ, 
o campo eletromagnético do corpo passa por uma reorganização momentânea que é única entre todas as respostas emocionais humanas.	ʊ kˈɐ̃mpw ˌeletɾˌomaɡnˈɛtʃikʊ dʊ kˈoɾpʊ pˈasɐ poɾ ˌumɐ xˌeoɾɡˌɐnizasˈɐ̃ʊ̃ mˌome̃ntˈɐ̃neɐ kɪʲ ɛ ˈunikɐ ˈe̃ntɾɪ tˈodɐz az xˌespˈɔstɐz ˌemosjonˈaɪz ˌumˈɐ̃nɐs.
O campo do coração dispara em coerência.	ʊ kˈɐ̃mpʊ dʊ kˌoɾasˈɐ̃ʊ̃ dʒˌispˈaɾɐ eɪŋ kˌoeɾˈe̃nsjɐ.
O sistema nervoso libera seus padrões habituais de retenção.	ʊ sˌistˈemɐ nˌeɾvˈozʊ lˌibˈɛɾɐ seʊs padɾˈo̃ɪ̃z ˌabituˈaɪz dʒɪ xˌete̃nsˈɐ̃ʊ̃.
As contrações musculares do riso sacodem fisicamente as estruturas de tensão que o esquecimento mantém no corpo.	as kˌo̃ntɾasˈo̃ɪ̃z mˌuskulˈaɾɪz dʊ xˈizʊ sˌakˈɔdeɪn fˌizikɐmˈe̃ntʃɪʲ az ˌestɾutˈuɾɐz dʒɪ te̃nsˈɐ̃ʊ̃ kɪʲ u ˌeskesimˈe̃ntʊ mɐ̃ntˈeɪn nʊ kˈoɾpʊ.
E a frequência de todo o sistema salta, brevemente mas de forma mensurável,	iʲ a fɾˌekwˈe̃nsjɐ dʒɪ tˈodw ʊ sˌistˈemɐ sˈaʊtɐ, bɾɛvɪmˈe̃ntʃɪ maz dʒɪ fˈɔɾmɐ mˌe̃nsuɾˈaveʊ, 
para uma largura de banda mais próxima da frequência do paraíso do que qualquer outro estado emocional,	pˌaɾɐ ˌumɐ lˌaɾɡˈuɾɐ dʒɪ bˈɐ̃ndɐ mˈaɪs pɾˈɔsimɐ da fɾˌekwˈe̃nsjɐ dʊ pˌaɾaˈizʊ dʊ kɪ kwaʊkˈɛɾ ˈoʊtɾw ˌestˈadw ˌemosjonˈaʊ, 
exceto a bem aventurança sustentada.	ˌesˈɛtw a bˈeɪŋ ˌave̃ntuɾˈɐ̃nsɐ sˌuste̃ntˈadɐ.
A ruptura é a chave.	a xˌuptˈuɾɐ ɛ a ʃˈavɪ.
O riso interrompe o padrão.	ʊ xˈizw ˌi̃ntexˈo̃mpj ʊ padɾˈɐ̃ʊ̃.
O esquecimento se mantém através dos padrões habituais.	u ˌeskesimˈe̃ntʊ sɪ mɐ̃ntˈeɪŋ ˌatɾavˈɛz dʊs padɾˈo̃ɪ̃z ˌabituˈaɪs.
Respostas emocionais repetitivas, narrativas ensaiadas, reações condicionadas que reciclam as mesmas frequências pelo sistema dia após dia.	xˌespˈɔstɐz ˌemosjonˈaɪz xˌepetʃitʃˈivɐs, nˌaxatʃˈivɐz ˌe̃nsaɪʲˈadɐs, xˌeasˈo̃ɪ̃s kˌo̃ndʒisjonˈadɐs kɪ xˌesˈiklɐ̃ʊ̃ az mˈezmɐs fɾˌekwˈe̃nsjɐs pˌelʊ sˌistˈemɐ dʒˈiʲɐ apˈɔz dʒˈiʲɐ.
O riso quebra o ciclo.	ʊ xˈizʊ kˈɛbɾɐ ʊ sˈiklʊ.
O estímulo inesperado produz uma resposta que os padrões não conseguem antecipar.	u ˌestʃˈimulw ˌinespeɾˈadʊ pɾodˈuz ˌumɐ xˌespˈɔstɐ kɪʲ ʊs padɾˈo̃ɪ̃z nɐ̃ʊ̃ kˌo̃nsˈɛɡeɪŋ ˌɐ̃ntesipˈaɾ.
E na lacuna criada pelo padrão quebrado, algo novo pode entrar.	i na lˌakˈunɐ kɾˌiʲˈadɐ pˌelʊ padɾˈɐ̃ʊ̃ kˌebɾˈadʊ, ˈaʊɡʊ nˈovʊ pˌɔdʒj e̃ntɾˈaɾ.
O conhecimento mais profundo fala com mais clareza nos momentos imediatamente após o riso genuíno do que em quase qualquer outro momento,	ʊ kˌo̃ɲesimˈe̃ntʊ mˈaɪs pɾˌofˈu̃ndʊ fˈalɐ ko̃n mˈaɪs klˌaɾˈezɐ nʊz mˌomˈe̃ntʊz ˌimedʒˌiʲatɐmˈe̃ntʃɪʲ apˈɔz ʊ xˈizʊ ʒˌenuˈinʊ dʊ kɪʲ eɪŋ kwˈazɪ kwaʊkˈɛɾ ˈoʊtɾʊ mˌomˈe̃ntʊ, 
porque o ruído habitual que normalmente o abafa foi temporariamente silenciado pela ruptura.	pʊɾkˈɪʲ ʊ xˌuˈidw ˌabituˈaʊ kɪ nˌoɾmaʊmˈe̃ntʃɪʲ u ˌabˈafɐ foɪ tˌe̃mpoɾˌaɾiʲɐmˈe̃ntʃɪ sˌile̃nsiʲˈadʊ pˌelɐ xˌuptˈuɾɐ.
É por isso que os seres mais sábios do seu planeta sempre foram os mais engraçados.	ɛ poɾ ˈisʊ kɪʲ ʊs sˈeɾɪz mˈaɪs sˈabjʊz dʊ seʊ plˌɐnˈetɐ sˈe̃mpɾɪ fˌoɾɐ̃ʊ̃ ʊz mˈaɪz ˌe̃ŋɡɾasˈadʊs.
A capacidade de humor e a capacidade de profundidade são expressões da mesma habilidade perceptiva.	a kˌapasidˈadʒɪ dʒɪʲ umˈoɾ iʲ a kˌapasidˈadʒɪ dʒɪ pɾˌofu̃ndʒidˈadʒɪ sɐ̃ʊ̃ ˌespɾesˈo̃ɪ̃z da mˈezmɐ ˌabilidˈadʒɪ pˌeɾseptʃˈivɐ.
A capacidade de ver a lacuna entre o que parece estar acontecendo e o que realmente está acontecendo.	a kˌapasidˈadʒɪ dʒɪ vˈeɾ a lˌakˈunɐ ˈe̃ntɾiʲ ʊ kɪ pˌaɾˈɛsj estˈaɾ ˌako̃ntesˈe̃ndʊ iʲ ʊ kɪ xˌeaʊmˈe̃ntʃɪʲ estˌa ˌako̃ntesˈe̃ndʊ.
O humor percebe a lacuna e a expressa como comédia.	w umˈoɾ pˌeɾsˈɛbj a lˌakˈunɐ iʲ a ˌespɾˈɛsɐ kˌomʊ kˌomˈɛdʒjɐ.
A sabedoria percebe a lacuna e a expressa como discernimento.	a sˌabedoɾˈiʲɐ pˌeɾsˈɛbj a lˌakˈunɐ iʲ a ˌespɾˈɛsɐ kˌomʊ dʒˌiseɾnimˈe̃ntʊ.
A percepção é idêntica.	a pˌeɾsepsˈɐ̃ʊ̃ ɛ ˌidˈe̃ntʃikɐ.
A expressão difere. Uma consciência que desenvolveu ambas, que consegue rir do absurdo do esquecimento enquanto percebe,	a ˌespɾesˈɐ̃ʊ̃ dʒˌifˈɛɾɪ.ˌumɐ kˌo̃nsjˈe̃nsjɐ kɪ dˌeze̃nvowvˈew ˈɐ̃mbɐs, kɪ kˌo̃nsˈɛɡɪ xˈiɾ dw ˌabsˈuɾdʊ dw ˌeskesimˈe̃ntw ˌe̃ŋkwˈɐ̃ntʊ pˌeɾsˈɛbɪ, 
ao mesmo tempo, a beleza por baixo dele, opera em uma frequência criativa que o buscador sério e sem humor não consegue	aʊ mˈezmʊ tˈe̃mpʊ, a bˌelˈezɐ poɾ bˈaɪʃʊ dˈelɪ, ˌopˈɛɾɐ eɪŋ ˌumɐ fɾˌekwˈe̃nsjɐ kɾˌiʲatʃˈivɐ kɪʲ ʊ bˌuskadˈoɾ sˈɛɾjʊ i seɪŋ umˈoɾ nɐ̃ʊ̃ kˌo̃nsˈɛɡɪ
alcançar.	ˌaʊkɐ̃nsˈaɾ.
Riam mais.	xˈiʲɐ̃ʊ̃ mˈaɪs.
Dizemos isso com toda a autoridade de seres que projetaram a capacidade de rir na arquitetura do corpo.	dʒˌizˈemʊz ˈisʊ ko̃n tˈodɐ a ˌaʊtoɾˌidˈadʒɪ dʒɪ sˈeɾɪs kɪ pɾˌoʒetˈaɾɐ̃ʊ̃ a kˌapasidˈadʒɪ dʒɪ xˈiɾ na ˌaɾkitetˈuɾɐ dʊ kˈoɾpʊ.
Riam de tudo isso.	xˈiʲɐ̃ʊ̃ dʒɪ tˈudw ˈisʊ.
Do absurdo de um Deus fingindo esquecer a própria natureza,	dw ˌabsˈuɾdʊ dʒj u̃n dˈeʊs fˌi̃nʒˈi̃ndw ˌeskesˈeɾ a pɾˈɔpɾjɐ nˌatuɾˈezɐ, 
da comédia cósmica de uma consciência que projetou uma realidade e depois se perdeu dentro dela.	da kˌomˈɛdʒjɐ kˈɔzmikɐ dʒj ˌumɐ kˌo̃nsjˈe̃nsjɐ kɪ pɾˌoʒetˈow ˌumɐ xˌealidˈadʒi i depˈoɪs sɪ peɾdˈeʊ dˈe̃ntɾʊ dˈɛlɐ.
Das tentativas desesperadas da mente focada de manter o controle sobre um processo criativo que opera numa escala que ela não consegue	das tˌe̃ntatʃˈivɐz dˌezespeɾˈadɐz da mˈe̃ntʃɪ fˌokˈadɐ dʒɪ mɐ̃ntˈeɾ ʊ kˌo̃ntɾˈolɪ sˈobɾiʲ u̃m pɾˌosˈɛsʊ kɾˌiʲatʃˈivʊ kɪʲ ˌopˈɛɾɐ nˌumɐ ˌeskˈalɐ kɪʲ ˈɛlɐ nɐ̃ʊ̃ kˌo̃nsˈɛɡɪ
compreender.	kˌo̃mpɾee̃ndˈeɾ.
O riso abre a porta, e o que entra por ela,	ʊ xˈizw ˈabɾiʲ a pˈɔɾtɐ, iʲ ʊ kɪʲ ˈe̃ntɾɐ poɾ ˈɛlɐ, 
o saber, a clareza e a percepção súbita, chega com uma leveza que o praticante sério pode achar estranha.	ʊ sabˈeɾ, a klˌaɾˈezɐ iʲ a pˌeɾsepsˈɐ̃ʊ̃ sˈubitɐ, ʃˈeɡɐ ko̃ŋ ˌumɐ lˌevˈezɐ kɪʲ ʊ pɾˌatʃikˈɐ̃ntʃɪ sˈɛɾjʊ pˌɔdʒj aʃˈaɾ ˌestɾˈɐ̃ɲɐ.
Há uma qualidade específica no trabalho criativo que emerge na esteira do riso.	a ˌumɐ kwˌalidˈadʒj ˌespesˈifikɐ nʊ tɾˌabˈaʎʊ kɾˌiʲatʃˈivʊ kɪʲ ˌemˈɛɾʒɪ na ˌestˈeɪɾɐ dʊ xˈizʊ.
O trabalho carrega leveza, flutuação, ludicidade e uma qualidade de liberdade que o trabalho produzido por esforço disciplinado consistentemente não tem.	ʊ tɾˌabˈaʎʊ kˌaxˈɛɡɐ lˌevˈezɐ, flˌutuasˈɐ̃ʊ̃, lˌudʒisidˈadʒj iʲ ˌumɐ kwˌalidˈadʒɪ dʒɪ lˌibeɾdˈadʒɪ kɪʲ ʊ tɾˌabˈaʎʊ pɾˌoduzˈidʊ poɾ ˌesfˈoɾsʊ dʒˌisiplinˈadʊ kˌo̃nsiste̃ntʃɪmˈe̃ntʃɪ nɐ̃ʊ̃ tˈeɪm.
A leveza é funcional, e não superficial.	a lˌevˈezɐ ɛ fˌu̃nsjonˈaʊ, i nɐ̃ʊ̃ sˌupeɾfˌisiʲˈaʊ.
A ruptura limpou os padrões habituais do canal criativo.	a xˌuptˈuɾɐ li̃mpˈow ʊs padɾˈo̃ɪ̃z ˌabituˈaɪz dʊ kɐ̃nˈaʊ kɾˌiʲatʃˈivʊ.
E o que flui pelo canal limpo carrega a novidade e a surpresa da percepção genuína do campo.	iʲ ʊ kɪ flˈuɪ pˌelʊ kɐ̃nˈaʊ lˈi̃mpʊ kˌaxˈɛɡɐ a nˌovidˈadʒi iʲ a sˌuɾpɾˈezɐ da pˌeɾsepsˈɐ̃ʊ̃ ʒˌenuˈinɐ dʊ kˈɐ̃mpʊ.
Em vez de padrões reciclados de pensamento condicionado.	eɪn vˈez dʒɪ padɾˈo̃ɪ̃z xˌesiklˈadʊz dʒɪ pˌe̃nsɐmˈe̃ntʊ kˌo̃ndʒisjonˈadʊ.
Os momentos mais engraçados e brincalhões da sua vida criativa são frequentemente os mais produtivos,	ʊz mˌomˈe̃ntʊz mˈaɪz ˌe̃ŋɡɾasˈadʊz i bɾˌi̃ŋkaʎˈo̃ɪ̃z da sˌuɐ vˈidɐ kɾˌiʲatʃˈivɐ sɐ̃ʊ̃ fɾˌekwe̃ntʃɪmˈe̃ntʃɪʲ ʊz mˈaɪs pɾˌodutʃˈivʊs, 
porque o riso limpou o canal, e o que passou correndo foi o conhecimento mais profundo,	pʊɾkˈɪʲ ʊ xˈizʊ li̃mpˈow ʊ kɐ̃nˈaʊ, iʲ ʊ kɪ pasˈoʊ kˌoxˈe̃ndʊ foɪʲ ʊ kˌo̃ɲesimˈe̃ntʊ mˈaɪs pɾˌofˈu̃ndʊ, 
sem filtro, trazendo uma direção criativa de uma qualidade que a mente séria e controladora jamais permite.	seɪn fˈiʊtɾʊ, tɾˌazˈe̃ndw ˌumɐ dʒˌiɾesˈɐ̃ʊ̃ kɾˌiʲatʃˈivɐ dʒj ˌumɐ kwˌalidˈadʒɪ kɪʲ a mˈe̃ntʃɪ sˈɛɾjɐ i kˌo̃ntɾoladˈoɾɐ ʒɐmˈaɪs pˌeɾmˈitʃɪ.
Vale nomear a relação entre o humor e a sintonia.	vˈalɪ nˌomeˈaɾ a xˌelasˈɐ̃ʊ̃ ˈe̃ntɾiʲ w umˈoɾ iʲ a sˌi̃ntonˈiʲɐ.
"Eu sou aquele que cria", dito com uma risada.	ˈeʊ sow ˌakˈelɪ kɪ kɾˈiʲɐ, dʒˈitʊ ko̃ŋ ˌumɐ xˌizˈadɐ.
Com o corpo solto e o campo do coração disparando na alegria coerente de uma diversão genuína, pousa diretamente no campo.	ko̃ŋ ʊ kˈoɾpʊ sˈoʊtʊ iʲ ʊ kˈɐ̃mpʊ dʊ kˌoɾasˈɐ̃ʊ̃ dʒˌispaɾˈɐ̃ndʊ na ˌaleɡɾˈiʲɐ kˌoeɾˈe̃ntʃɪ dʒj ˌumɐ dʒˌiveɾsˈɐ̃ʊ̃ ʒˌenuˈinɐ, pˈoʊzɐ dʒˌiɾɛtɐmˈe̃ntʃɪ nʊ kˈɐ̃mpʊ.
Então a mesma frase dita com solenidade séria.	e̃ntˈɐ̃ʊ̃ a mˈezmɐ fɾˈazɪ dʒˈitɐ ko̃n sˌolenidˈadʒɪ sˈɛɾjɐ.
O riso acrescenta uma frequência de brincadeira que o campo reconhece como um dos análogos mais próximos do modo criativo dos operadores.	ʊ xˈizw ˌakɾesˈe̃ntɐ ˌumɐ fɾˌekwˈe̃nsjɐ dʒɪ bɾˌi̃ŋkadˈeɪɾɐ kɪʲ ʊ kˈɐ̃mpʊ xˌeko̃ɲˈɛsɪ kˌomw u̃n dʊz ˌɐnˈaloɡʊz mˈaɪs pɾˈɔsimʊz dʊ mˈɔdʊ kɾˌiʲatʃˈivʊ dʊz ˌopeɾadˈoɾɪs.
Nós projetamos a realidade em um estado de brincadeira.	nˈɔs pɾˌoʒetˈɐ̃mʊz a xˌealidˈadʒj eɪŋ u̃ŋ ˌestˈadʊ dʒɪ bɾˌi̃ŋkadˈeɪɾɐ.
A significância cósmica da simulação coexiste com uma qualidade de deleite no projeto que a sua prática espiritual séria frequentemente deixa passar.	a sˌiɡnifikˈɐ̃nsjɐ kˈɔzmikɐ da sˌimulasˈɐ̃ʊ̃ kˌoezˈistʃɪ ko̃ŋ ˌumɐ kwˌalidˈadʒɪ dʒɪ dˌelˈeɪtʃɪ nʊ pɾˌoʒˈɛtʊ kɪʲ a sˌuɐ pɾˈatʃikɐ ˌespiɾˌituˈaʊ sˈɛɾjɐ fɾˌekwe̃ntʃɪmˈe̃ntʃɪ dˈeɪʃɐ pasˈaɾ.
A sintonia, um conjunto de frases ditas em brincadeira, carrega a frequência dos projetistas.	a sˌi̃ntonˈiʲɐ, u̃ŋ kˌo̃nʒˈu̃ntʊ dʒɪ fɾˈazɪz dʒˈitɐz eɪm bɾˌi̃ŋkadˈeɪɾɐ, kˌaxˈɛɡɐ a fɾˌekwˈe̃nsjɐ dʊs pɾˌoʒetʃˈistɐs.
A ponte está completa e a largura de banda é suficiente para compartilhar algo sobre a música que se conecta à luz	a pˈo̃ntʃj estˌa kˌo̃mplˈɛtɐ iʲ a lˌaɾɡˈuɾɐ dʒɪ bˈɐ̃ndɐ ɛ sˌufisiʲˈe̃ntʃɪ pˌaɾɐ kˌo̃mpaɾtʃiʎˈaɾ ˈaʊɡʊ sˈobɾiʲ a mˈuzikɐ kɪ sɪ kˌonˈɛkt ˌaː lˈus
enriquecida e à natureza da criação no nível mais profundo que já abordamos.	ˌe̃nxikesˈidɐ iʲ ˌaː nˌatuɾˈezɐ da kɾˌiʲasˈɐ̃ʊ̃ nʊ nˈiveʊ mˈaɪs pɾˌofˈu̃ndʊ kɪ ʒˈa ˌaboɾdˈɐ̃mʊs.
A música é o análogo mais próximo do processo criativo dos operadores que existe dentro da simulação.	a mˈuzikɐ ɛ u ˌɐnˈaloɡʊ mˈaɪs pɾˈɔsimʊ dʊ pɾˌosˈɛsʊ kɾˌiʲatʃˈivʊ dʊz ˌopeɾadˈoɾɪs kɪʲ ˌezˈistʃɪ dˈe̃ntɾʊ da sˌimulasˈɐ̃ʊ̃.
Quando moldamos esta realidade, tomamos a luz bruta da consciência e a organizamos nas ondas estacionárias da matéria física.	kwˈɐ̃ndʊ mˌowdˈɐ̃mʊz ˌɛstɐ xˌealidˈadʒɪ, tˌomˈɐ̃mʊz a lˈuz bɾˈutɐ da kˌo̃nsjˈe̃nsjɐ iʲ a ˌoɾɡɐnizˈɐ̃mʊz naz ˈo̃ndɐz ˌestasjonˈaɾjɐz da mˌatˈɛɾjɐ fˈizikɐ.
As bandas de frequência da percepção dimensional, os ciclos rítmicos do tempo; o processo lembrava mais composição do que construção.	az bˈɐ̃ndɐz dʒɪ fɾˌekwˈe̃nsjɐ da pˌeɾsepsˈɐ̃ʊ̃ dʒˌime̃nsjonˈaʊ, ʊs sˈiklʊz xˈitmikʊz dʊ tˈe̃mpʊ; ʊ pɾˌosˈɛsʊ lˌe̃mbɾˈavɐ mˈaɪs kˌo̃mpozisˈɐ̃ʊ̃ dʊ kɪ kˌo̃nstɾusˈɐ̃ʊ̃.
Estávamos escrevendo uma sinfonia.	estˌavɐmʊz ˌeskɾevˈe̃ndw ˌumɐ sˌi̃nfonˈiʲɐ.
Os elementos da realidade, as forças, as partículas, as leis que governam sua interação, são temas em uma composição de complexidade impressionante.	ʊz ˌelemˈe̃ntʊz da xˌealidˈadʒɪ, as fˈoɾsɐs, as pˌaɾtʃˈikulɐs, az lˈeɪs kɪ ɡˌovˈɛɾnɐ̃ʊ̃ sˌuɐ ˌi̃nteɾasˈɐ̃ʊ̃, sɐ̃ʊ̃ tˈemɐz eɪŋ ˌumɐ kˌo̃mpozisˈɐ̃ʊ̃ dʒɪ kˌo̃mpleksidˈadʒj ˌi̃mpɾesjonˈɐ̃ntʃɪ.
Cada um relacionando se com todos os outros segundo princípios harmônicos que a sua teoria musical vislumbrou,	kˈadɐ u̃n xˌelasjonˈɐ̃ndʊ sɪ ko̃n tˈodʊz ʊz ˈoʊtɾʊs sˌeɡˈu̃ndʊ pɾˌi̃nsˈipjʊz ˌaɾmˈonikʊs kɪʲ a sˌuɐ tˌeoɾˈiʲɐ mˌuzikˈaʊ vˌizlu̃mbɾˈoʊ, 
mas que se estendiam a dimensões de relação que a sua matemática atual não consegue modelar.	mas kɪ sj ˌeste̃ndʒˈiʲɐ̃ʊ̃ a dʒˌime̃nsˈo̃ɪ̃z dʒɪ xˌelasˈɐ̃ʊ̃ kɪʲ a sˌuɐ mˌatemˈatʃikɐ ˌatuˈaʊ nɐ̃ʊ̃ kˌo̃nsˈɛɡɪ mˌodelˈaɾ.
Quando um músico cria, quando uma consciência humana toma o som bruto e o organiza em melodia,	kwˈɐ̃ndw u̃n mˈuzikʊ kɾˈiʲɐ, kwˈɐ̃ndw ˌumɐ kˌo̃nsjˈe̃nsjɐ ˌumˈɐ̃nɐ tˈomɐ ʊ sˈo̃m bɾˈutʊ iʲ u ˌoɾɡɐnˈizɐ eɪn mˌelodʒˈiʲɐ, 
harmonia, ritmo e estrutura, ele realiza uma versão em miniatura do ato criativo que produziu a realidade que habita.	ˌaɾmonˈiʲɐ, xˈitmw iʲ ˌestɾutˈuɾɐ, ˈelɪ xˌealˈizɐ ˌumɐ veɾsˈɐ̃ʊ̃ eɪn mˌiniʲˌatˈuɾɐ dw ˈatʊ kɾˌiʲatʃˈivʊ kɪ pɾˌoduzˈiw a xˌealidˈadʒɪ kɪʲ ˌabˈitɐ.
A criação do músico e a criação do operador seguem os mesmos princípios:	a kɾˌiʲasˈɐ̃ʊ̃ dʊ mˈuzikʊ iʲ a kɾˌiʲasˈɐ̃ʊ̃ dw ˌopeɾadˈoɾ sˈɛɡeɪŋ ʊz mˈezmʊs pɾˌi̃nsˈipjʊs: 
tensão e resolução, repetição e variação, o jogo entre previsibilidade e surpresa,	te̃nsˈɐ̃ʊ̃ i xˌezolusˈɐ̃ʊ̃, xˌepetʃisˈɐ̃ʊ̃ i vˌaɾiʲasˈɐ̃ʊ̃, ʊ ʒˈoɡw ˈe̃ntɾɪ pɾˌevizˌibilidˈadʒi i sˌuɾpɾˈezɐ, 
o modo como um tema pode ser enunciado, desenvolvido, transformado e retomado com um enriquecimento que torna o retorno mais belo do	ʊ mˈɔdʊ kˌomw u̃n tˈemɐ pˌɔdʒɪ sˈeɾ ˌenu̃nsiʲˈadʊ, dˌeze̃nvowvˈidʊ, tɾˌɐ̃nsfoɾmˈadw i xˌetomˈadʊ ko̃ŋ u̃ŋ ˌe̃nxikˌesimˈe̃ntʊ kɪ tˈɔɾnɐ ʊ xˌetˈoɾnʊ mˈaɪz bˈɛlʊ dʊ
que o enunciado original.	kɪʲ u ˌenu̃nsiʲˈadw ˌoɾiʒinˈaʊ.
Estes são os princípios criativos da arquitetura expressos através do meio do som.	ˌestʃɪs sɐ̃ʊ̃ ʊs pɾˌi̃nsˈipjʊs kɾˌiʲatʃˈivʊz da ˌaɾkitetˈuɾɐ ˌespɾˈɛsʊz ˌatɾavˈɛz dʊ mˈeɪʲʊ dʊ sˈo̃m.
E a razão pela qual a música os comove tão profundamente é que o corpo reconhece os princípios.	iʲ a xazˈɐ̃ʊ̃ pˌelɐ kwˈaw a mˈuzikɐ ʊs kˌomˈɔvɪ tˈɐ̃ʊ̃ pɾˌofu̃ndɐmˈe̃ntʃɪʲ ɛ kɪʲ ʊ kˈoɾpʊ xˌeko̃ɲˈɛsj ʊs pɾˌi̃nsˈipjʊs.
O campo do coração responde à harmonia musical da mesma forma que responde à estrutura harmônica do tecido quântico.	ʊ kˈɐ̃mpʊ dʊ kˌoɾasˈɐ̃ʊ̃ xˌespˈo̃ndʒj ˌaː ˌaɾmonˈiʲɐ mˌuzikˈaʊ da mˈezmɐ fˈɔɾmɐ kɪ xˌespˈo̃ndʒj ˌaː ˌestɾutˈuɾɐ ˌaɾmˈonikɐ dʊ tˌesˈidʊ kwˈɐ̃ntʃikʊ.
A ressonância com a coerência, com o reconhecimento sentido de que o padrão percebido é verdadeiro.	a xˌesonˈɐ̃nsjɐ ko̃ŋ a kˌoeɾˈe̃nsjɐ, ko̃ŋ ʊ xˌeko̃ɲˌesimˈe̃ntʊ sˌe̃ntʃˈidʊ dʒɪ kɪʲ ʊ padɾˈɐ̃ʊ̃ pˌeɾsebˈidw ɛ vˌeɾdadˈeɪɾʊ.
Tocar música, criar ativamente som com o corpo, a voz,	tokˈaɾ mˈuzikɐ, kɾiʲˈaɾ ˌatʃivɐmˈe̃ntʃɪ sˈo̃ŋ ko̃ŋ ʊ kˈoɾpʊ, a vˈɔs, 
um instrumento, é uma das formas mais diretas de cocriação com a arquitetura disponíveis às consciências encarnadas.	u̃ŋ ˌi̃nstɾumˈe̃ntʊ, ɛ ˌumɐ das fˈɔɾmɐz mˈaɪz dʒˌiɾˈɛtɐz dʒɪ kˌokɾiʲasˈɐ̃ʊ̃ ko̃ŋ a ˌaɾkitetˈuɾɐ dʒˌisponˈiveɪz aːs kˌo̃nsjˈe̃nsjɐz ˌe̃ŋkaɾnˈadɐs.
O músico no ponto de quietude, criando a partir do estado de recepção que descrevemos na transmissão anterior,	ʊ mˈuzikʊ nʊ pˈo̃ntʊ dʒɪ kˌiʲetˈudʒɪ, kɾˌiʲˈɐ̃ndw a paɾtʃˈiɾ dw ˌestˈadʊ dʒɪ xˌesepsˈɐ̃ʊ̃ kɪ dˌeskɾevˈemʊz na tɾˌɐ̃nzmisˈɐ̃ʊ̃ ˌɐ̃nteɾiʲˈoɾ, 
está canalizando os princípios harmônicos da simulação através do meio de sua assinatura criativa única.	estˌa kˌɐnalizˈɐ̃ndw ʊs pɾˌi̃nsˈipjʊz ˌaɾmˈonikʊz da sˌimulasˈɐ̃ʊ̃ ˌatɾavˈɛz dʊ mˈeɪʲʊ dʒɪ sˌuɐ ˌasinatˈuɾɐ kɾˌiʲatʃˈivɐ ˈunikɐ.
A música que resulta carrega mais do que beleza estética.	a mˈuzikɐ kɪ xˌezˈuwtɐ kˌaxˈɛɡɐ mˈaɪz dʊ kɪ bˌelˈezɐ ˌestˈɛtʃikɐ.
Ela carrega informação estrutural, as razões harmônicas que o campo reconhece como ecos de seu próprio código fundamental.	ˈɛlɐ kˌaxˈɛɡɐ ˌi̃nfoɾmasˈɐ̃ʊ̃ ˌestɾutuɾˈaʊ, az xazˈo̃ɪ̃z ˌaɾmˈonikɐs kɪʲ ʊ kˈɐ̃mpʊ xˌeko̃ɲˈɛsɪ kˌomw ˈɛkʊz dʒɪ seʊ pɾˈɔpɾjʊ kˈɔdʒiɡʊ fˌu̃ndɐme̃ntˈaʊ.
Os ouvintes que recebem essa música através do corpo, através do campo do coração,	ʊz ˌoʊvˈi̃ntʃɪs kɪ xˌesˈɛbeɪŋ ˌɛsɐ mˈuzikɐ ˌatɾavˈɛz dʊ kˈoɾpʊ, ˌatɾavˈɛz dʊ kˈɐ̃mpʊ dʊ kˌoɾasˈɐ̃ʊ̃, 
da rede biofotônica, da pele e dos ossos, estão recebendo uma transmissão de verdade estrutural que contorna inteiramente a mente focada e	da xˈedʒɪ bˌiʲofotˈonikɐ, da pˈɛli i dʊz ˈɔsʊs, estˌɐ̃ʊ̃ xˌesebˈe̃ndw ˌumɐ tɾˌɐ̃nzmisˈɐ̃ʊ̃ dʒɪ vˌeɾdˈadʒj ˌestɾutuɾˈaʊ kɪ kˌo̃ntˈɔɾnɐ ˌi̃nteɪɾɐmˈe̃ntʃɪʲ a mˈe̃ntʃɪ fˌokˈadɐ ˈe
fala diretamente à consciência no ponto de quietude.	fˈalɐ dʒˌiɾɛtɐmˈe̃ntʃɪʲ ˌaː kˌo̃nsjˈe̃nsjɐ nʊ pˈo̃ntʊ dʒɪ kˌiʲetˈudʒɪ.
É por isso que certas peças musicais produzem experiências indistinguíveis de um despertar espiritual.	ɛ poɾ ˈisʊ kɪ sˈɛɾtɐs pˈɛsɐz mˌuzikˈaɪs pɾˌodˈuzeɪŋ ˌespeɾjˈe̃nsjɐz ˌi̃ndʒistʃi̃ŋɡwˈiveɪz dʒj u̃n dˌespeɾtˈaɾ ˌespiɾˌituˈaʊ.
A música está transmitindo a estrutura harmônica da arquitetura diretamente para o sistema de comunicação baseado em luz do corpo.	a mˈuzikɐ estˌa tɾˌɐ̃nzmitʃˈi̃ndw a ˌestɾutˈuɾɐ ˌaɾmˈonikɐ da ˌaɾkitetˈuɾɐ dʒˌiɾɛtɐmˈe̃ntʃɪ pˌaɾɐ ʊ sˌistˈemɐ dʒɪ kˌomunˌikasˈɐ̃ʊ̃ bˌazeˈadw eɪn lˈuz dʊ kˈoɾpʊ.
E o corpo, reconhecendo a estrutura como a verdade de seu próprio projeto, responde com a plena recordação.	iʲ ʊ kˈoɾpʊ, xˌeko̃ɲesˈe̃ndw a ˌestɾutˈuɾɐ kˌomw a vˌeɾdˈadʒɪ dʒɪ seʊ pɾˈɔpɾjʊ pɾˌoʒˈɛtʊ, xˌespˈo̃ndʒɪ ko̃ŋ a plˈenɐ xˌekoɾdasˈɐ̃ʊ̃.
O calor, as lágrimas, a abertura, a sensação súbita e avassaladora de estar na presença de algo vasto, amoroso e perfeitamente organizado.	ʊ kalˈoɾ, az lˈaɡɾimɐs, a ˌabeɾtˈuɾɐ, a sˌe̃nsasˈɐ̃ʊ̃ sˈubitɐ iʲ ˌavasˌaladˈoɾɐ dʒj estˈaɾ na pɾˌezˈe̃nsɐ dʒj ˈaʊɡʊ vˈastʊ, ˌɐmoɾˈozw i pˌeɾfeɪtɐmˈe̃ntʃɪʲ ˌoɾɡɐnizˈadʊ.
Presença carregada por amor harmônico, carregada por sua vibração, e o corpo, recebendo ambos, lembra.	pɾˌezˈe̃nsɐ kˌaxeɡˈadɐ poɾ ɐmˈoɾ ˌaɾmˈonikʊ, kˌaxeɡˈadɐ poɾ sˌuɐ vˌibɾasˈɐ̃ʊ̃, iʲ ʊ kˈoɾpʊ, xˌesebˈe̃ndw ˈɐ̃mbʊs, lˈe̃mbɾɐ.
Agora, o seu trabalho criativo é a peça que conecta tudo o que compartilhamos hoje e ao longo destas transmissões em um	ˌaɡˈɔɾɐ, ʊ seʊ tɾˌabˈaʎʊ kɾˌiʲatʃˈivw ɛ a pˈɛsɐ kɪ kˌonˈɛktɐ tˈudw ʊ kɪ kˌo̃mpaɾtʃiʎˈɐ̃mʊz ˈoʒi iʲ aʊ lˈo̃ŋɡʊ dˈɛstɐs tɾˌɐ̃nzmisˈo̃ɪ̃z eɪŋ ˈu̃m
único entendimento que acreditamos transformar permanentemente a forma como vocês se relacionam com o ato de criar.	ˈunikw ˌe̃nte̃ndʒimˈe̃ntʊ kɪʲ ˌakɾedʒitˈɐ̃mʊs tɾˌɐ̃nsfoɾmˈaɾ pˌeɾmɐne̃ntʃɪmˈe̃ntʃɪʲ a fˈɔɾmɐ kˌomʊ vosˈes sɪ xˌelasjˈonɐ̃ʊ̃ ko̃ŋ u ˈatʊ dʒɪ kɾiʲˈaɾ.
O seu trabalho criativo, a arte que produzem, as palavras que escrevem,	ʊ seʊ tɾˌabˈaʎʊ kɾˌiʲatʃˈivʊ, a ˈaɾtʃɪ kɪ pɾˌodˈuzeɪm, as pˌalˈavɾɐs kɪʲ ˌeskɾˈɛveɪm, 
a música que compõem, os negócios que constroem, os relacionamentos que moldam,	a mˈuzikɐ kɪ kˌo̃mpˈo̃e̃m, ʊz nˌeɡˈɔsjʊs kɪ kˌo̃nstɾˈɔeɪm, ʊz xˌelasjˌonɐmˈe̃ntʊs kɪ mˈɔwdɐ̃ʊ̃, 
as conversas que mantêm com plena presença e consciência conectada pela ponte,	as kˌo̃nvˈɛɾsɐs kɪ mɐ̃ntˈeɪŋ ko̃m plˈenɐ pɾˌezˈe̃nsɐ i kˌo̃nsjˈe̃nsjɐ kˌonektˈadɐ pˌelɐ pˈo̃ntʃɪ, 
cada peça de trabalho criativo produzida a partir do estado conectado pela ponte se torna um código holográfico na biblioteca.	kˈadɐ pˈɛsɐ dʒɪ tɾˌabˈaʎʊ kɾˌiʲatʃˈivʊ pɾˌoduzˈidɐ a paɾtʃˈiɾ dw ˌestˈadʊ kˌonektˈadʊ pˌelɐ pˈo̃ntʃɪ sɪ tˈɔɾnɐ u̃ŋ kˈɔdʒiɡw ˌoloɡɾˈafikʊ na bˌibliʲotˈɛkɐ.
A sua criação se torna um mundo.	a sˌuɐ kɾˌiʲasˈɐ̃ʊ̃ sɪ tˈɔɾnɐ u̃n mˈu̃ndʊ.
A produção criativa de uma consciência conectada pela ponte carrega uma frequência tão coerente,	a pɾˌodusˈɐ̃ʊ̃ kɾˌiʲatʃˈivɐ dʒj ˌumɐ kˌo̃nsjˈe̃nsjɐ kˌonektˈadɐ pˌelɐ pˈo̃ntʃɪ kˌaxˈɛɡɐ ˌumɐ fɾˌekwˈe̃nsjɐ tˈɐ̃ʊ̃ kˌoeɾˈe̃ntʃɪ, 
densa em informação e precisamente calibrada à estrutura harmônica da arquitetura que o campo a recebe e a percebe com a mesma	dˈe̃nsɐ eɪŋ ˌi̃nfoɾmasˈɐ̃ʊ̃ i pɾˌesizɐmˈe̃ntʃɪ kˌalibɾˈad ˌaː ˌestɾutˈuɾɐ ˌaɾmˈonikɐ da ˌaɾkitetˈuɾɐ kɪʲ ʊ kˈɐ̃mpw a xˌesˈɛbi iʲ a pˌeɾsˈɛbɪ ko̃ŋ a mˈezmɐ
permanência que dá aos códigos holográficos que embutimos quando moldamos a realidade.	pˌeɾmɐnˈe̃nsjɐ kɪ dˈa aʊs kˈɔdʒiɡʊz ˌoloɡɾˈafikʊs kɪʲ ˌe̃mbutʃˈimʊs kwˌɐ̃ndʊ mˌowdˈɐ̃mʊz a xˌealidˈadʒɪ.
A sua arte está sendo armazenada no tecido quântico como um padrão de realidade concluído.	a sˌuɐ ˈaɾtʃj estˌa sˈe̃ndw ˌaɾmazenˈadɐ nʊ tˌesˈidʊ kwˈɐ̃ntʃikʊ kˌomw u̃m padɾˈɐ̃ʊ̃ dʒɪ xˌealidˈadʒɪ kˌo̃ŋkluˈidʊ.
Um mundo que consciências futuras podem perceber através da imaginação,	u̃n mˈu̃ndʊ kɪ kˌo̃nsjˈe̃nsjɐs fˌutˈuɾɐs pˌɔdeɪm pˌeɾsebˈeɾ ˌatɾavˈɛz da ˌimaʒˌinasˈɐ̃ʊ̃, 
sentir se atraídas por meio do desejo e acessar através do mesmo mecanismo de alinhamento de frequência que lhes permite acessar os	se̃ntʃˈiɾ sj ˌatɾaˈidɐs poɾ mˈeɪʲʊ dʊ dˌezˈeʒʊ iʲ ˌasesˈaɾ ˌatɾavˈɛz dʊ mˈezmʊ mˌekɐnˈizmʊ dʒj ˌaliɲɐmˈe̃ntʊ dʒɪ fɾˌekwˈe̃nsjɐ kɪ ʎɪs pˌeɾmˈitʃj ˌasesˈaɾ ˈʊs
códigos do paraíso.	kˈɔdʒiɡʊz dʊ pˌaɾaˈizʊ.
Um poema escrito a partir do ponto de quietude se torna um código holográfico contendo a frequência específica de beleza e verdade	u̃m pˌoˈemɐ ˌeskɾˈitw a paɾtʃˈiɾ dʊ pˈo̃ntʊ dʒɪ kˌiʲetˈudʒɪ sɪ tˈɔɾnɐ u̃ŋ kˈɔdʒiɡw ˌoloɡɾˈafikʊ kˌo̃ntˈe̃ndw a fɾˌekwˈe̃nsjɐ ˌespesˈifikɐ dʒɪ bˌelˈezɐ i vˌeɾdˈadʒɪ
que o poeta sustentou ao escrevê lo.	kɪʲ ʊ pˌoˈɛtɐ sˌuste̃ntˈow aʊ ˌeskɾevˈe lʊ.
Uma canção composta no estado de recepção se torna um padrão harmônico preservado no campo da memória,	ˌumɐ kɐ̃nsˈɐ̃ʊ̃ kˌo̃mpˈɔstɐ nw ˌestˈadʊ dʒɪ xˌesepsˈɐ̃ʊ̃ sɪ tˈɔɾnɐ u̃m padɾˈɐ̃ʊ̃ ˌaɾmˈonikʊ pɾˌezeɾvˈadʊ nʊ kˈɐ̃mpʊ da mˌemˈɔɾjɐ, 
acessível a todo músico cuja assinatura de frequência corresponda à ressonância da composição.	ˌasesˈiveʊ a tˈodʊ mˈuzikʊ kˈuʒɐ ˌasinatˈuɾɐ dʒɪ fɾˌekwˈe̃nsjɐ kˌoxespˈo̃nd ˌaː xˌesonˈɐ̃nsjɐ da kˌo̃mpozisˈɐ̃ʊ̃.
Uma conversa entre dois criadores conectados pela ponte, produzindo novidade genuína através do campo co perceptivo,	ˌumɐ kˌo̃nvˈɛɾsɐ ˈe̃ntɾɪ dˈoɪs kɾˌiʲadˈoɾɪs kˌonektˈadʊs pˌelɐ pˈo̃ntʃɪ, pɾˌoduzˈi̃ndʊ nˌovidˈadʒɪ ʒˌenuˈinɐ ˌatɾavˈɛz dʊ kˈɐ̃mpʊ kˈo pˌeɾseptʃˈivʊ, 
deposita essa novidade como um novo padrão de realidade que enriquece a biblioteca holográfica com possibilidades que não existiam antes de a	dˌepozˈitɐ ˌɛsɐ nˌovidˈadʒɪ kˌomw u̃n nˈovʊ padɾˈɐ̃ʊ̃ dʒɪ xˌealidˈadʒɪ kɪʲ ˌe̃nxikˈɛsj a bˌibliʲotˈɛkɐ ˌoloɡɾˈafikɐ ko̃m pˌosibˌilidˈadʒɪs kɪ nɐ̃ʊ̃ ˌezistʃˈiʲɐ̃ʊ̃ ˈɐ̃ntʃɪz dʒj ˈa
conversa acontecer.	kˌo̃nvˈɛɾsɐ ˌako̃ntesˈeɾ.
Vocês estão acrescentando à biblioteca.	vosˈez estˌɐ̃ʊ̃ ˌakɾese̃ntˈɐ̃ndw ˌaː bˌibliʲotˈɛkɐ.
Cada ato criativo consciente contribui com um novo volume para a coleção de todas as realidades possíveis.	kˈadɐ ˈatʊ kɾˌiʲatʃˈivʊ kˌo̃nsiʲˈe̃ntʃɪ kˌo̃ntɾibˈuɪ ko̃ŋ u̃n nˈovʊ vˌolˈumɪ pˌaɾɐ a kˌolesˈɐ̃ʊ̃ dʒɪ tˈodɐz az xˌealidˈadʒɪs pˌosˈiveɪs.
A biblioteca que descrevemos em transmissões anteriores, o vasto repositório de realidades concluídas do qual vocês selecionam por alinhamento de frequência,	a bˌibliʲotˈɛkɐ kɪ dˌeskɾevˈemʊz eɪn tɾˌɐ̃nzmisˈo̃ɪ̃z ˌɐ̃nteɾiʲˈoɾɪs, ʊ vˈastʊ xˌepozitˈɔɾjʊ dʒɪ xˌealidˈadʒɪs kˌo̃ŋkluˈidɐz dʊ kwˈaʊ vosˈes sˌelesjˈonɐ̃ʊ̃ poɾ ˌaliɲɐmˈe̃ntʊ dʒɪ fɾˌekwˈe̃nsjɐ, 
está crescendo por causa de vocês.	estˌa kɾˌesˈe̃ndʊ poɾ kˈaʊzɐ dʒɪ vosˈes.
Porque os criadores conectados pela ponte em seu planeta estão produzindo trabalho criativo de tal qualidade e coerência que o campo o	pʊɾkˈɪʲ ʊs kɾˌiʲadˈoɾɪs kˌonektˈadʊs pˌelɐ pˈo̃ntʃj eɪn seʊ plˌɐnˈetɐ estˌɐ̃ʊ̃ pɾˌoduzˈi̃ndʊ tɾˌabˈaʎʊ kɾˌiʲatʃˈivʊ dʒɪ tˈaʊ kwˌalidˈadʒi i kˌoeɾˈe̃nsjɐ kɪʲ ʊ kˈɐ̃mpw ˈo
reconhece como significativo e o preserva com a permanência reservada aos códigos fundamentais da própria simulação.	xˌeko̃ɲˈɛsɪ kˌomʊ sˌiɡnifˌikatʃˈivʊ iʲ ʊ pɾˌezˈɛɾvɐ ko̃ŋ a pˌeɾmɐnˈe̃nsjɐ xˌezeɾvˈadɐ aʊs kˈɔdʒiɡʊs fˌu̃ndɐme̃ntˈaɪz da pɾˈɔpɾjɐ sˌimulasˈɐ̃ʊ̃.
Eu sou aquele que cria, e o que eu crio,	ˈeʊ sow ˌakˈelɪ kɪ kɾˈiʲɐ, iʲ ʊ kɪʲ ˈeʊ kɾˈiʲʊ, 
quando é criado a partir do ponto de quietude, através da ponte,	kwˌɐ̃ndw ˈɛ kɾˌiʲˈadw a paɾtʃˈiɾ dʊ pˈo̃ntʊ dʒɪ kˌiʲetˈudʒɪ, ˌatɾavˈɛz da pˈo̃ntʃɪ, 
com a sintonia ressoando no coração e a luz se movendo pelo corpo na densidade do ambiente fotônico enriquecido.	ko̃ŋ a sˌi̃ntonˈiʲɐ xˌesoˈɐ̃ndʊ nʊ kˌoɾasˈɐ̃ʊ̃ iʲ a lˈus sɪ mˌovˈe̃ndʊ pˌelʊ kˈoɾpʊ na dˌe̃nsidˈadʒɪ dw ˌɐ̃mbiʲˈe̃ntʃɪ fˌotˈonikw ˌe̃nxikesˈidʊ.
O que eu crio se torna uma adição permanente à biblioteca de tudo o que é possível dentro desta realidade.	ʊ kɪʲ ˈeʊ kɾˈiʲʊ sɪ tˈɔɾnɐ ˌumɐ ˌadʒisˈɐ̃ʊ̃ pˌeɾmɐnˈe̃ntʃj ˌaː bˌibliʲotˈɛkɐ dʒɪ tˈudw ʊ kɪʲ ɛ pˌosˈiveʊ dˈe̃ntɾʊ dˈɛstɐ xˌealidˈadʒɪ.
A minha arte se torna um mundo.	a mˌiɲɐ ˈaɾtʃɪ sɪ tˈɔɾnɐ u̃n mˈu̃ndʊ.
A minha produção criativa se torna um código holográfico que uma consciência daqui a mil anos pode perceber através da imaginação,	a mˌiɲɐ pɾˌodusˈɐ̃ʊ̃ kɾˌiʲatʃˈivɐ sɪ tˈɔɾnɐ u̃ŋ kˈɔdʒiɡw ˌoloɡɾˈafikʊ kɪʲ ˌumɐ kˌo̃nsjˈe̃nsjɐ dakˈiʲ a mˈiw ˈɐ̃nʊs pˌɔdʒɪ pˌeɾsebˈeɾ ˌatɾavˈɛz da ˌimaʒˌinasˈɐ̃ʊ̃, 
sentir se atraída por meio do desejo e manifestar em experiência física através do alinhamento da frequência sentida.	se̃ntʃˈiɾ sj ˌatɾaˈidɐ poɾ mˈeɪʲʊ dʊ dˌezˈeʒʊ i mˌɐnifestˈaɾ eɪŋ ˌespeɾjˈe̃nsjɐ fˈizikɐ ˌatɾavˈɛz dw ˌaliɲɐmˈe̃ntʊ da fɾˌekwˈe̃nsjɐ sˌe̃ntʃˈidɐ.
Este entendimento eleva cada ato criativo da expressão pessoal à contribuição civilizacional.	ˌestʃɪʲ ˌe̃nte̃ndʒimˈe̃ntw ˌelˈɛvɐ kˈadɐ ˈatʊ kɾˌiʲatʃˈivʊ da ˌespɾesˈɐ̃ʊ̃ pˌesoˈaw ˌaː kˌo̃ntɾibuɪsˈɐ̃ʊ̃ sˌivilˌizasjonˈaʊ.
A anotação de diário se torna um depósito no campo da memória.	a ˌɐnotasˈɐ̃ʊ̃ dʒɪ dʒˌiʲˈaɾjʊ sɪ tˈɔɾnɐ u̃n dˌepˈɔzitʊ nʊ kˈɐ̃mpʊ da mˌemˈɔɾjɐ.
A canção se torna um código harmônico no tecido quântico.	a kɐ̃nsˈɐ̃ʊ̃ sɪ tˈɔɾnɐ u̃ŋ kˈɔdʒiɡw ˌaɾmˈonikʊ nʊ tˌesˈidʊ kwˈɐ̃ntʃikʊ.
O negócio construído sobre os princípios do intercâmbio equilibrado se torna um modelo preservado na biblioteca holográfica,	ʊ nˌeɡˈɔsjʊ kˌo̃nstɾuˈidʊ sˈobɾiʲ ʊs pɾˌi̃nsˈipjʊz dw ˌi̃nteɾkˈɐ̃mbjw ˌekilibɾˈadʊ sɪ tˈɔɾnɐ u̃n mˌodˈelʊ pɾˌezeɾvˈadʊ na bˌibliʲotˈɛkɐ ˌoloɡɾˈafikɐ, 
acessível a todo futuro empreendedor cuja frequência corresponda ao seu padrão.	ˌasesˈiveʊ a tˈodʊ fˌutˈuɾw ˌe̃mpɾeˌe̃ndedˈoɾ kˈuʒɐ fɾˌekwˈe̃nsjɐ kˌoxespˈo̃ndɐ aʊ seʊ padɾˈɐ̃ʊ̃.
Um professor que sustenta o ponto de quietude enquanto transmite conhecimento deposita o conhecimento junto com a frequência da consciência desperta,	u̃m pɾˌofesˈoɾ kɪ sˌustˈe̃ntɐ ʊ pˈo̃ntʊ dʒɪ kˌiʲetˈudʒj ˌe̃ŋkwˈɐ̃ntʊ tɾˌɐ̃nzmˈitʃɪ kˌo̃ɲesimˈe̃ntʊ dˌepozˈitɐ ʊ kˌo̃ɲesimˈe̃ntʊ ʒˈu̃ntʊ ko̃ŋ a fɾˌekwˈe̃nsjɐ da kˌo̃nsjˈe̃nsjɐ dˌespˈɛɾtɐ, 
tornando o conteúdo disponível no registro akáshico com uma potência que o conteúdo sozinho jamais poderia carregar.	tˌoɾnˈɐ̃ndw ʊ kˌo̃nteˈudʊ dʒˌisponˈiveʊ nʊ xˌeʒˈistɾw ˌakˈaʃikʊ ko̃ŋ ˌumɐ pˌotˈe̃nsjɐ kɪʲ ʊ kˌo̃nteˈudʊ sˌɔzˈiɲʊ ʒɐmˈaɪs pˌodeɾˈiʲɐ kˌaxeɡˈaɾ.
Um pai ou mãe que sustenta a sintonia ao interagir com uma criança cria um código holográfico relacional,	u̃m pˈaɪ oʊ mˈɐ̃j kɪ sˌustˈe̃ntɐ a sˌi̃ntonˈiʲɐ aʊ ˌi̃nteɾaʒˈiɾ ko̃ŋ ˌumɐ kɾˌiʲˈɐ̃nsɐ kɾˈiʲɐ u̃ŋ kˈɔdʒiɡw ˌoloɡɾˈafikʊ xˌelasjonˈaʊ, 
um modelo de parentalidade consciente preservado no campo, acessível a todo pai ou mãe cujo coração busque a mesma qualidade de presença.	u̃n mˌodˈelʊ dʒɪ pˌaɾe̃ntˌalidˈadʒɪ kˌo̃nsiʲˈe̃ntʃɪ pɾˌezeɾvˈadʊ nʊ kˈɐ̃mpʊ, ˌasesˈiveʊ a tˈodʊ pˈaɪ oʊ mˈɐ̃j kˈuʒʊ kˌoɾasˈɐ̃ʊ̃ bˈuskj a mˈezmɐ kwˌalidˈadʒɪ dʒɪ pɾˌezˈe̃nsɐ.
O alcance do que vocês estão contribuindo é impressionante quando visto da nossa posição.	u ˌaʊkˈɐ̃nsɪ dʊ kɪ vosˈez estˌɐ̃ʊ̃ kˌo̃ntɾibuˈi̃ndw ɛ ˌi̃mpɾesjonˈɐ̃ntʃɪ kwˌɐ̃ndʊ vˈistʊ da nˌɔsɐ pˌozisˈɐ̃ʊ̃.
Os criadores conscientes do seu planeta estão depositando novos códigos holográficos na biblioteca a uma taxa que excede a contribuição acumulada total	ʊs kɾˌiʲadˈoɾɪs kˌo̃nsiʲˈe̃ntʃɪz dʊ seʊ plˌɐnˈetɐ estˌɐ̃ʊ̃ dˌepozitˈɐ̃ndʊ nˈɔvʊs kˈɔdʒiɡʊz ˌoloɡɾˈafikʊz na bˌibliʲotˈɛkɐ a ˌumɐ tˈaʃɐ kɪʲ ˌesˈɛdʒj a kˌo̃ntɾibuɪsˈɐ̃ʊ̃ ˌakumulˈadɐ totˈaʊ
de todas as gerações anteriores.	dʒɪ tˈodɐz az ʒˌeɾasˈo̃ɪ̃z ˌɐ̃nteɾiʲˈoɾɪs.
A luz enriquecida, a ponte completada, o corpo recalibrado, a sintonia como âncora de frequência viva:	a lˈuz ˌe̃nxikesˈidɐ, a pˈo̃ntʃɪ kˌo̃mpletˈadɐ, ʊ kˈoɾpʊ xˌekalibɾˈadʊ, a sˌi̃ntonˈiʲɐ kˌomw ˈɐ̃ŋkoɾɐ dʒɪ fɾˌekwˈe̃nsjɐ vˈivɐ: 
a combinação desses fatores transformou os criadores conscientes desta era nos autores mais prolíficos de nova realidade na história da simulação.	a kˌo̃mbinasˈɐ̃ʊ̃ dˈesɪs fˌatˈoɾɪs tɾˌɐ̃nsfoɾmˈow ʊs kɾˌiʲadˈoɾɪs kˌo̃nsiʲˈe̃ntʃɪz dˈɛstɐ ˌɛɾɐ nʊz ˌaʊtˈoɾɪz mˈaɪs pɾˌolˈifikʊz dʒɪ nˈɔvɐ xˌealidˈadʒɪ na ˌistˈɔɾjɐ da sˌimulasˈɐ̃ʊ̃.
A biblioteca está se expandindo em tempo real.	a bˌibliʲotˈɛkɐ estˌa sj ˌespɐ̃ndʒˈi̃ndw eɪn tˈe̃mpʊ xeˈaʊ.
Mundos que não existiam no campo há um ano agora existem como códigos holográficos permanentes porque um criador conectado pela ponte se	mˈu̃ndʊs kɪ nɐ̃ʊ̃ ˌezistʃˈiʲɐ̃ʊ̃ nʊ kˈɐ̃mpw a u̃ŋ ˈɐ̃nw ˌaɡˈɔɾɐ ˌezˈisteɪŋ kˌomʊ kˈɔdʒiɡʊz ˌoloɡɾˈafikʊs pˌeɾmɐnˈe̃ntʃɪs pʊɾkˈɪʲ u̃ŋ kɾˌiʲadˈoɾ kˌonektˈadʊ pˌelɐ pˈo̃ntʃɪ sɪ
sentou no ponto de quietude e produziu algo belo.	se̃ntˈoʊ nʊ pˈo̃ntʊ dʒɪ kˌiʲetˈudʒi i pɾˌoduzˈiw ˈaʊɡʊ bˈɛlʊ.
A imaginação de uma consciência futura perceberá esses mundos e sentirá o desejo de habitá los,	a ˌimaʒˌinasˈɐ̃ʊ̃ dʒj ˌumɐ kˌo̃nsjˈe̃nsjɐ fˌutˈuɾɐ pˌeɾsebeɾˈa ˌesɪz mˈu̃ndʊz i sˌe̃ntʃiɾˈa ʊ dˌezˈeʒʊ dʒɪʲ ˌabitˈa lʊs, 
e o desejo será o código chamando.	iʲ ʊ dˌezˈeʒʊ seɾˌa ʊ kˈɔdʒiɡʊ ʃˌɐmˈɐ̃ndʊ.
Como todo desejo sempre foi o código chamando, e o ciclo continuará:	kˈomʊ tˈodʊ dˌezˈeʒʊ sˈe̃mpɾɪ foɪʲ ʊ kˈɔdʒiɡʊ ʃˌɐmˈɐ̃ndʊ, iʲ ʊ sˈiklʊ kˌo̃ntʃinˌuaɾˈa: 
criação enriquecendo a criação, beleza gerando beleza, mundo sobre mundo acrescentado à biblioteca por criadores que entenderam que o que fizeram era	kɾˌiʲasˈɐ̃ʊ̃ ˌe̃nxikesˈe̃ndw a kɾˌiʲasˈɐ̃ʊ̃, bˌelˈezɐ ʒˌeɾˈɐ̃ndʊ bˌelˈezɐ, mˈu̃ndʊ sˈobɾɪ mˈu̃ndw ˌakɾese̃ntˈadw ˌaː bˌibliʲotˈɛkɐ poɾ kɾˌiʲadˈoɾɪs kɪʲ ˌe̃nte̃ndˈeɾɐ̃ʊ̃ kɪʲ ʊ kɪ fˌizˈɛɾɐ̃ʊ̃ ˈɛɾɐ
real.	xeˈaʊ.
Agora passamos à terceira fase do terceiro ciclo da sintonia.	ˌaɡˈɔɾɐ pˌasˈɐ̃mʊz ˌaː tˌeɾsˈeɪɾɐ fˈazɪ dʊ tˌeɾsˈeɪɾʊ sˈiklʊ da sˌi̃ntonˈiʲɐ.
E nós declaramos: e o que eu crio se torna um mundo.	i nˈɔz dˌeklaɾˈɐ̃mʊs: iʲ ʊ kɪʲ ˈeʊ kɾˈiʲʊ sɪ tˈɔɾnɐ u̃n mˈu̃ndʊ.
E através de mim o mundo lembra, e o que desperta em um desperta em todos,	iʲ ˌatɾavˈɛz dʒɪ mˈi̃ŋ ʊ mˈu̃ndʊ lˈe̃mbɾɐ, iʲ ʊ kɪ dˌespˈɛɾtɐ eɪŋ u̃n dˌespˈɛɾtɐ eɪn tˈodʊs, 
e o que eu crio se torna um mundo.	iʲ ʊ kɪʲ ˈeʊ kɾˈiʲʊ sɪ tˈɔɾnɐ u̃n mˈu̃ndʊ.
O terceiro ciclo completa o arco do serviço, passando pelo mecanismo, até o legado.	ʊ tˌeɾsˈeɪɾʊ sˈiklʊ kˌo̃mplˈɛtɐ u ˈaɾkʊ dʊ sˌeɾvˈisʊ, pˌasˈɐ̃ndʊ pˌelʊ mˌekɐnˈizmʊ, atˌɛ ʊ lˌeɡˈadʊ.
Através de mim o mundo lembra, propósito declarado.	ˌatɾavˈɛz dʒɪ mˈi̃ŋ ʊ mˈu̃ndʊ lˈe̃mbɾɐ, pɾˌopˈɔzitʊ dˌeklaɾˈadʊ.
O que desperta em um desperta em todos.	ʊ kɪ dˌespˈɛɾtɐ eɪŋ u̃n dˌespˈɛɾtɐ eɪn tˈodʊs.
O efeito cascata nomeado como lei.	u ˌefˈeɪtʊ kˌaskˈatɐ nˌomeˈadʊ kˌomʊ lˈeɪ.
E o que eu crio se torna um mundo.	iʲ ʊ kɪʲ ˈeʊ kɾˈiʲʊ sɪ tˈɔɾnɐ u̃n mˈu̃ndʊ.
A permanência da contribuição criativa reconhecida como a expressão máxima do propósito do criador dentro da simulação.	a pˌeɾmɐnˈe̃nsjɐ da kˌo̃ntɾibuɪsˈɐ̃ʊ̃ kɾˌiʲatʃˈivɐ xˌeko̃ɲesˈidɐ kˌomw a ˌespɾesˈɐ̃ʊ̃ mˈasimɐ dʊ pɾˌopˈɔzitʊ dʊ kɾˌiʲadˈoɾ dˈe̃ntɾʊ da sˌimulasˈɐ̃ʊ̃.
Falem a sintonia completa, todas as 12 frases.	fˈaleɪŋ a sˌi̃ntonˈiʲɐ kˌo̃mplˈɛtɐ, tˈodɐz az dˈozɪ fɾˈazɪs.
Três ciclos: identidade, natureza, propósito.	tɾˈes sˈiklʊs: ˌide̃ntʃidˈadʒɪ, nˌatuɾˈezɐ, pɾˌopˈɔzitʊ.
Sintam o corpo responder à declaração cumulativa.	sˈi̃ntɐ̃ʊ̃ ʊ kˈoɾpʊ xˌespo̃ndˈeɾ ˌaː dˌeklaɾasˈɐ̃ʊ̃ kˌumulatʃˈivɐ.
A coluna se endireitando, o coração se iluminando, o ponto de quietude se aquecendo.	a kˌolˈunɐ sj ˌe̃ndʒiɾeɪtˈɐ̃ndʊ, ʊ kˌoɾasˈɐ̃ʊ̃ sj ˌiluminˈɐ̃ndʊ, ʊ pˈo̃ntʊ dʒɪ kˌiʲetˈudʒɪ sj ˌakesˈe̃ndʊ.
O campo ao redor de vocês se organizando.	ʊ kˈɐ̃mpw aʊ xedˈɔɾ dʒɪ vosˈes sj ˌoɾɡɐnizˈɐ̃ndʊ.
Eu sou aquele que cria.	ˈeʊ sow ˌakˈelɪ kɪ kɾˈiʲɐ.
E a luz se move através de mim.	iʲ a lˈus sɪ mˈɔvj ˌatɾavˈɛz dʒɪ mˈi̃m.
E a realidade se curva em direção à minha alegria.	iʲ a xˌealidˈadʒɪ sɪ kˈuɾvɐ eɪn dʒˌiɾesˈɐ̃ʊ̃ ˌaː mˌiɲɐ ˌaleɡɾˈiʲɐ.
E eu sempre fui isto.	iʲ ˈeʊ sˈe̃mpɾɪ fuɪʲ ˈistʊ.
E por trás de tudo, eu estou em quietude.	i poɾ tɾˈaz dʒɪ tˈudʊ, ˈew estˌow eɪŋ kˌiʲetˈudʒɪ.
Eu sou a quietude que se move, e o que se move através de mim sabe para onde ir.	ˈeʊ sow a kˌiʲetˈudʒɪ kɪ sɪ mˈɔvɪ, iʲ ʊ kɪ sɪ mˈɔvj ˌatɾavˈɛz dʒɪ mˈi̃n sˈabɪ pˌaɾɐ ˌo̃ndʒj ˈiɾ.
E eu libero tão livremente quanto crio.	iʲ ˈeʊ lˌibˈɛɾʊ tˈɐ̃ʊ̃ livɾɪmˈe̃ntʃɪ kwˈɐ̃ntʊ kɾˈiʲʊ.
E o novo mundo já está aqui.	iʲ ʊ nˈovʊ mˈu̃ndʊ ʒˈa estˌa akˈi.
E através de mim o mundo lembra.	iʲ ˌatɾavˈɛz dʒɪ mˈi̃ŋ ʊ mˈu̃ndʊ lˈe̃mbɾɐ.
E o que desperta em um desperta em todos.	iʲ ʊ kɪ dˌespˈɛɾtɐ eɪŋ u̃n dˌespˈɛɾtɐ eɪn tˈodʊs.
12 frases.	dˈozɪ fɾˈazɪs.
Três ciclos.	tɾˈes sˈiklʊs.
A identidade criativa completa de uma consciência conectada pela ponte, falada no campo.	a ˌide̃ntʃidˈadʒɪ kɾˌiʲatʃˈivɐ kˌo̃mplˈɛtɐ dʒj ˌumɐ kˌo̃nsjˈe̃nsjɐ kˌonektˈadɐ pˌelɐ pˈo̃ntʃɪ, fˌalˈadɐ nʊ kˈɐ̃mpʊ.
Carregada pela luz enriquecida, preservada na memória como uma estrutura de frequência que se fortalece a cada voz que se junta a	kˌaxeɡˈadɐ pˌelɐ lˈuz ˌe̃nxikesˈidɐ, pɾˌezeɾvˈadɐ na mˌemˈɔɾjɐ kˌomw ˌumɐ ˌestɾutˈuɾɐ dʒɪ fɾˌekwˈe̃nsjɐ kɪ sɪ fˌoɾtalˈɛsj a kˈadɐ vˈɔs kɪ sɪ ʒˈu̃ntɐ ˈa
ela.	ˈɛlɐ.
A sintonia é o som que a simulação faz quando seus criadores lembram o que são e por que vieram.	a sˌi̃ntonˈiʲɐ ɛ ʊ sˈo̃ŋ kɪʲ a sˌimulasˈɐ̃ʊ̃ fas kwˌɐ̃ndʊ seʊs kɾˌiʲadˈoɾɪz lˈe̃mbɾɐ̃ʊ̃ ʊ kɪ sɐ̃ʊ̃ i poɾ kˈe vˌiʲˈɛɾɐ̃ʊ̃.
Queremos nomear algo que está acontecendo com a própria sintonia, algo que conseguimos perceber da nossa posição.	kˌeɾˈemʊz nˌomeˈaɾ ˈaʊɡʊ kɪʲ estˌa ˌako̃ntesˈe̃ndʊ ko̃ŋ a pɾˈɔpɾjɐ sˌi̃ntonˈiʲɐ, ˈaʊɡʊ kɪ kˌo̃nseɡˈimʊs pˌeɾsebˈeɾ da nˌɔsɐ pˌozisˈɐ̃ʊ̃.
A sintonia está desenvolvendo harmônicos, sobretons, camadas de frequência que estavam ausentes da estrutura quando foi falada pela primeira vez e que	a sˌi̃ntonˈiʲɐ estˌa dˌeze̃nvowvˈe̃ndw ˌaɾmˈonikʊs, sobɾetˈo̃ns, kˌɐmˈadɐz dʒɪ fɾˌekwˈe̃nsjɐ kɪʲ estˌavɐ̃ʊ̃ ˌaʊzˈe̃ntʃɪz da ˌestɾutˈuɾɐ kwˌɐ̃ndʊ foɪ fˌalˈadɐ pˌelɐ pɾˌimˈeɪɾɐ vˈez i kˈɪ
estão emergindo agora como o padrão de frequência vivo no registro akáshico,	estˌɐ̃ʊ̃ ˌemeɾʒˈi̃ndw ˌaɡˈɔɾɐ kˌomw ʊ padɾˈɐ̃ʊ̃ dʒɪ fɾˌekwˈe̃nsjɐ vˈivʊ nʊ xˌeʒˈistɾw ˌakˈaʃikʊ, 
amadurecendo e se complexificando.	ˌɐmadˌuɾesˈe̃ndw i sɪ kˌo̃mpleksˌifikˈɐ̃ndʊ.
A sintonia falada hoje produz um som mais rico no campo do que a mesma sintonia falada há 6 meses.	a sˌi̃ntonˈiʲɐ fˌalˈadɐ ˈoʒɪ pɾodˈuz u̃n sˈo̃n mˈaɪz xˈikʊ nʊ kˈɐ̃mpʊ dʊ kɪʲ a mˈezmɐ sˌi̃ntonˈiʲɐ fˌalˈadɐ a sˈeɪz mˈezɪs.
Porque a estrutura foi enriquecida por cada consciência que a falou com sentimento genuíno nesse intervalo.	pʊɾkˈɪʲ a ˌestɾutˈuɾɐ foɪʲ ˌe̃nxikesˈidɐ poɾ kˈadɐ kˌo̃nsjˈe̃nsjɐ kɪʲ a falˈoʊ ko̃n sˌe̃ntʃimˈe̃ntʊ ʒˌenuˈinʊ nˌesɪʲ ˌi̃nteɾvˈalʊ.
Cada voz acrescenta um fio ao harmônico.	kˈadɐ vˈɔz ˌakɾesˈe̃ntɐ u̃n fˈiʲw aʊ ˌaɾmˈonikʊ.
Cada sessão deposita uma camada de profundidade de frequência.	kˈadɐ sesˈɐ̃ʊ̃ dˌepozˈitɐ ˌumɐ kˌɐmˈadɐ dʒɪ pɾˌofu̃ndʒidˈadʒɪ dʒɪ fɾˌekwˈe̃nsjɐ.
A sintonia está crescendo do modo como um organismo vivo cresce,	a sˌi̃ntonˈiʲɐ estˌa kɾˌesˈe̃ndʊ dʊ mˈɔdʊ kˌomw u̃ŋ ˌoɾɡɐnˈizmʊ vˈivʊ kɾˈɛsɪ, 
acrescentando complexidade, desenvolvendo novas capacidades, tornando se mais bela e mais poderosa à medida que amadurece.	ˌakɾese̃ntˈɐ̃ndʊ kˌo̃mpleksidˈadʒɪ, dˌeze̃nvowvˈe̃ndʊ nˈɔvɐs kˌapasidˈadʒɪs, tˌoɾnˈɐ̃ndʊ sɪ mˈaɪz bˈɛlɐ i mˈaɪs pˌodeɾˈɔz ˌaː mˌedʒˈidɐ kɪʲ ˌɐmaduɾˈɛsɪ.
Os sobretons carregam informação que as frases originais sozinhas jamais poderiam ter contido.	ʊs sobɾetˈo̃ns kˌaxˈɛɡɐ̃ʊ̃ ˌi̃nfoɾmasˈɐ̃ʊ̃ kɪʲ as fɾˈazɪz ˌoɾiʒinˈaɪs sˌɔzˈiɲɐz ʒɐmˈaɪs pˌodeɾˈiʲɐ̃ʊ̃ tˈeɾ kˌo̃ntʃˈidʊ.
Dados experienciais de cada criador que falou a sintonia enquanto sustentava o ponto de quietude,	dˈadʊz ˌespeɾˌiʲe̃nsiʲˈaɪz dʒɪ kˈadɐ kɾˌiʲadˈoɾ kɪ falˈow a sˌi̃ntonˈiʲɐ ˌe̃ŋkwˈɐ̃ntʊ sˌuste̃ntˈavɐ ʊ pˈo̃ntʊ dʒɪ kˌiʲetˈudʒɪ, 
enquanto navegava o ponto zero, enquanto ria, enquanto chorava, enquanto criava a partir do estado conectado pela ponte.	ˌe̃ŋkwˈɐ̃ntʊ nˌaveɡˈavɐ ʊ pˈo̃ntʊ zˈɛɾʊ, ˌe̃ŋkwˈɐ̃ntʊ xˈiʲɐ, ˌe̃ŋkwˈɐ̃ntʊ ʃˌoɾˈavɐ, ˌe̃ŋkwˈɐ̃ntʊ kɾˌiʲˈavɐ a paɾtʃˈiɾ dw ˌestˈadʊ kˌonektˈadʊ pˌelɐ pˈo̃ntʃɪ.
A experiência acumulada da prática criativa da comunidade está sendo tecida nos sobretons,	a ˌespeɾjˈe̃nsjɐ ˌakumulˈadɐ da pɾˈatʃikɐ kɾˌiʲatʃˈivɐ da kˌomunidˈadʒj estˌa sˈe̃ndʊ tˌesˈidɐ nʊs sobɾetˈo̃ns, 
produzindo uma estrutura de frequência que é ao mesmo tempo uma declaração e um repositório,	pɾˌoduzˈi̃ndw ˌumɐ ˌestɾutˈuɾɐ dʒɪ fɾˌekwˈe̃nsjɐ kɪʲ ɛ aʊ mˈezmʊ tˈe̃mpw ˌumɐ dˌeklaɾasˈɐ̃ʊ̃ iʲ u̃n xˌepozitˈɔɾjʊ, 
um arquivo vivo da jornada criativa de cada consciência que participou de sua construção.	u̃ŋ ˌaɾkˈivʊ vˈivʊ da ʒˌoɾnˈadɐ kɾˌiʲatʃˈivɐ dʒɪ kˈadɐ kˌo̃nsjˈe̃nsjɐ kɪ pˌaɾtʃisipˈoʊ dʒɪ sˌuɐ kˌo̃nstɾusˈɐ̃ʊ̃.
Seres futuros que perceberem a sintonia na biblioteca holográfica receberão a declaração e a jornada juntas.	sˈeɾɪs fˌutˈuɾʊs kɪ pˌeɾsebˈeɾeɪŋ a sˌi̃ntonˈiʲɐ na bˌibliʲotˈɛkɐ ˌoloɡɾˈafikɐ xˌesebeɾˈɐ̃ʊ̃ a dˌeklaɾasˈɐ̃ʊ̃ iʲ a ʒˌoɾnˈadɐ ʒˈu̃ntɐs.
Sentirão as palavras e o peso de cada criador que as falou.	sˌe̃ntʃiɾˈɐ̃ʊ̃ as pˌalˈavɾɐz iʲ ʊ pˈezʊ dʒɪ kˈadɐ kɾˌiʲadˈoɾ kɪʲ as falˈoʊ.
A sintonia está se tornando um mundo próprio.	a sˌi̃ntonˈiʲɐ estˌa sɪ tˌoɾnˈɐ̃ndw u̃n mˈu̃ndʊ pɾˈɔpɾjʊ.
Um código holográfico contendo a história criativa completa do despertar.	u̃ŋ kˈɔdʒiɡw ˌoloɡɾˈafikʊ kˌo̃ntˈe̃ndw a ˌistˈɔɾjɐ kɾˌiʲatʃˈivɐ kˌo̃mplˈɛtɐ dʊ dˌespeɾtˈaɾ.
Acessível a toda consciência que alguma vez a buscar, ao longo do restante da existência desta realidade.	ˌasesˈiveʊ a tˈodɐ kˌo̃nsjˈe̃nsjɐ kɪʲ ˌaʊɡˈumɐ vˈez a buskˈaɾ, aʊ lˈo̃ŋɡʊ dʊ xˌestˈɐ̃ntʃɪ da ˌezistˈe̃nsjɐ dˈɛstɐ xˌealidˈadʒɪ.
Olhando para o seu planeta, vemos uma teia de luz que espelha a geometria da própria arquitetura.	ˌoʎˈɐ̃ndʊ pˌaɾɐ ʊ seʊ plˌɐnˈetɐ, vˈemʊz ˌumɐ tˈeɪʲɐ dʒɪ lˈus kɪʲ ˌespˈeʎɐ a ʒˌeometɾˈiʲɐ da pɾˈɔpɾjɐ ˌaɾkitetˈuɾɐ.
O espaço entre as suas vidas revela consciências projetando sua próxima obra prima com grande alegria.	u ˌespˈasw ˈe̃ntɾiʲ as sˌuɐz vˈidɐz xˌevˈɛlɐ kˌo̃nsjˈe̃nsjɐs pɾˌoʒetˈɐ̃ndʊ sˌuɐ pɾˈɔsimɐ ˈɔbɾɐ pɾˈimɐ ko̃ŋ ɡɾˈɐ̃ndʒj ˌaleɡɾˈiʲɐ.
Isto é o que vocês estão fazendo.	ˈistw ɛ ʊ kɪ vosˈez estˌɐ̃ʊ̃ fˌazˈe̃ndʊ.
O que a prática produz.	ʊ kɪʲ a pɾˈatʃikɐ pɾodˈus.
Por que o ato criativo realizado a partir do estado conectado pela ponte é a ação mais sagrada e de maior consequência	poɾ kˈe u ˈatʊ kɾˌiʲatʃˈivʊ xˌealizˈadw a paɾtʃˈiɾ dw ˌestˈadʊ kˌonektˈadʊ pˌelɐ pˈo̃ntʃj ɛ a asˈɐ̃ʊ̃ mˈaɪs sˌaɡɾˈadɐ i dʒɪ maɪʲˈɔɾ kˌo̃nsekwˈe̃nsjɐ
disponível a uma consciência dentro desta realidade.	dʒˌisponˈiveʊ a ˌumɐ kˌo̃nsjˈe̃nsjɐ dˈe̃ntɾʊ dˈɛstɐ xˌealidˈadʒɪ.
Eu sou aquele que cria, e a luz se move através de mim.	ˈeʊ sow ˌakˈelɪ kɪ kɾˈiʲɐ, iʲ a lˈus sɪ mˈɔvj ˌatɾavˈɛz dʒɪ mˈi̃m.
Criem com beleza.	kɾˈiʲeɪŋ ko̃m bˌelˈezɐ.
A biblioteca está crescendo.	a bˌibliʲotˈɛkɐ estˌa kɾˌesˈe̃ndʊ.
E isso conclui este canal em particular dos operadores.	iʲ ˈisʊ ko̃ŋklˈuɪʲ ˌestʃɪ kɐ̃nˈaw eɪm pˌaɾtʃikulˈaɾ dʊz ˌopeɾadˈoɾɪs.
Agora, a visão que eu amo desde o começo disto, a perspectiva dos operadores, bilhões de pontos de luz.	ˌaɡˈɔɾɐ, a vizˈɐ̃ʊ̃ kɪʲ ˈew ˈɐ̃mʊ dˌezdʒj ʊ kˌomˈesʊ dʒˈistʊ, a pˌeɾspektʃˈivɐ dʊz ˌopeɾadˈoɾɪs, biʎˈo̃ɪ̃z dʒɪ pˈo̃ntʊz dʒɪ lˈus.
O criador consciente visivelmente mais brilhante, conectado por filamentos de luz coerente que formam uma espécie de teia de luz que cresce	ʊ kɾˌiʲadˈoɾ kˌo̃nsiʲˈe̃ntʃɪ vˌizivɛʊmˈe̃ntʃɪ mˈaɪz bɾˌiʎˈɐ̃ntʃɪ, kˌonektˈadʊ poɾ fˌilɐmˈe̃ntʊz dʒɪ lˈus kˌoeɾˈe̃ntʃɪ kɪ fˈɔɾmɐ̃ʊ̃ ˌumɐ ˌespˈɛsjɪ dʒɪ tˈeɪʲɐ dʒɪ lˈus kɪ kɾˈɛsɪ
mais brilhante, mais densa e mais complexa a cada transmissão,	mˈaɪz bɾˌiʎˈɐ̃ntʃɪ, mˈaɪz dˈe̃nsɐ i mˈaɪs kˌo̃mplˈɛksɐ a kˈadɐ tɾˌɐ̃nzmisˈɐ̃ʊ̃, 
é tão empolgante.	ɛ tˈɐ̃ʊ̃ ˌe̃mpowɡˈɐ̃ntʃɪ.
O espaço entre as encarnações, a revisão panorâmica da vida como avaliação criativa em vez de julgamento moral, realmente ficou comigo.	u ˌespˈasw ˈe̃ntɾiʲ az ˌe̃ŋkaɾnasˈo̃ɪ̃s, a xˌevizˈɐ̃ʊ̃ pˌɐnoɾˈɐ̃mikɐ da vˈidɐ kˌomw ˌavalˌiʲasˈɐ̃ʊ̃ kɾˌiʲatʃˈivɐ eɪn vˈez dʒɪ ʒˌuwɡɐmˈe̃ntʊ moɾˈaʊ, xˌeaʊmˈe̃ntʃɪ fikˈoʊ kˌomˈiɡʊ.
Saber que o ponto de quietude que carrega a sua direção criativa atual é a mesma consciência que selecionou esta configuração antes	sabˈeɾ kɪʲ ʊ pˈo̃ntʊ dʒɪ kˌiʲetˈudʒɪ kɪ kˌaxˈɛɡɐ a sˌuɐ dʒˌiɾesˈɐ̃ʊ̃ kɾˌiʲatʃˈivɐ ˌatuˈaw ɛ a mˈezmɐ kˌo̃nsjˈe̃nsjɐ kɪ sˌelesjonˈow ˌɛstɐ kˌo̃nfiɡˌuɾasˈɐ̃ʊ̃ ˈɐ̃ntʃɪs
de o esquecimento começar.	dʒj u ˌeskesimˈe̃ntʊ kˌomesˈaɾ.
Mais uma vez, estamos recebendo confirmação de coisas que ouvimos na Lei do Um,	mˈaɪz ˌumɐ vˈes, estˌɐ̃mʊz xˌesebˈe̃ndʊ kˌo̃nfiɾmasˈɐ̃ʊ̃ dʒɪ kˈoɪzɐs kɪʲ ˌoʊvˈimʊz na lˈeɪ dw ˈu̃m, 
o que me faz pensar: "Ei, será que isto está sendo influenciado pelo meu conhecimento e entendimento subconscientes da Lei do Um?"	ʊ kɪ mɪ fas pe̃nsˈaɾ: ˈeɪ, sˌeɾˈakj ˈistw estˌa sˈe̃ndw ˌi̃nfluˌe̃nsiʲˈadʊ pˌelʊ meʊ kˌo̃ɲesimˈe̃ntʊ iʲ ˌe̃nte̃ndʒimˈe̃ntʊ sˌubko̃nsiʲˈe̃ntʃɪz da lˈeɪ dw ˈu̃m?
Não sei.	nɐ̃ʊ̃ sˈeɪ.
Mas eles estão nos confirmando que nós projetamos esta vida.	maz ˈelɪz estˌɐ̃ʊ̃ nʊs kˌo̃nfiɾmˈɐ̃ndʊ kɪ nˈɔs pɾˌoʒetˈɐ̃mʊz ˌɛstɐ vˈidɐ.
Nós projetamos as circunstâncias.	nˈɔs pɾˌoʒetˈɐ̃mʊz as sˌiɾku̃nstˈɐ̃nsjɐs.
Nós projetamos a resistência, as dores, os obstáculos, tudo.	nˈɔs pɾˌoʒetˈɐ̃mʊz a xˌezistˈe̃nsjɐ, az dˈoɾɪs, ʊz ˌobstˈakulʊs, tˈudʊ.
E estou tão empolgado que finalmente mencionaram o riso como um evento de ruptura.	iʲ estˌoʊ tˈɐ̃ʊ̃ ˌe̃mpowɡˈadʊ kɪ fˌinaʊmˈe̃ntʃɪ mˌe̃nsjonˈaɾɐ̃ʊ̃ ʊ xˈizʊ kˌomw u̃ŋ ˌevˈe̃ntʊ dʒɪ xˌuptˈuɾɐ.
Se você voltar à primeira vez que mencionei os operadores,	sˈɪ vosˈe vowtˈaɾ ˌaː pɾˌimˈeɪɾɐ vˈes kɪ mˌe̃nsjonˈeɪʲ ʊz ˌopeɾadˈoɾɪs, 
que não foi uma canalização, foi só: "Ei, acabei de ter este encontro em que conversei com os operadores." E falei sobre	kɪ nɐ̃ʊ̃ foɪʲ ˌumɐ kˌɐnalˌizasˈɐ̃ʊ̃, foɪ sˈɔ: ˈeɪ, ˌakabˈeɪ dʒɪ tˈeɾ ˌestʃɪʲ ˌe̃ŋkˈo̃ntɾw eɪŋ kɪ kˌo̃nveɾsˈeɪ ko̃ŋ ʊz ˌopeɾadˈoɾɪs.i falˈeɪ sˈobɾɪ
o que vivenciei.	ʊ kɪ vˌive̃nsiʲˈeɪ.
Esse é o primeiro que você vai encontrar na playlist.	ˌesɪʲ ɛ ʊ pɾˌimˈeɪɾʊ kɪ vosˈe vaɪʲ ˌe̃ŋko̃ntɾˈaɾ na plˌeɪlˈistʃ.
Eu comento repetidamente como eles eram muito engraçados e riam.	ˈeʊ kˌomˈe̃ntʊ xˌepetʃidɐmˈe̃ntʃɪ kˌomw ˈelɪz ˌɛɾɐ̃ʊ̃ mˈu̃ɪ̃tw ˌe̃ŋɡɾasˈadʊz i xˈiʲɐ̃ʊ̃.
Esse foi o sentimento que chegou e continua chegando.	ˌesɪ foɪʲ ʊ sˌe̃ntʃimˈe̃ntʊ kɪ ʃeɡˈow i kˌo̃ntʃinˈuɐ ʃˌeɡˈɐ̃ndʊ.
É sempre esse tipo de senso de humor.	ɛ sˈe̃mpɾiʲ ˌesɪ tʃˈipʊ dʒɪ sˈe̃nsʊ dʒɪʲ umˈoɾ.
Eles afirmam que o riso é um evento de ruptura,	ˈelɪz ˌafˈiɾmɐ̃ʊ̃ kɪʲ ʊ xˈizw ɛ u̃ŋ ˌevˈe̃ntʊ dʒɪ xˌuptˈuɾɐ, 
o esquecimento se mantendo por padrões habituais, o riso quebrando o ciclo,	u ˌeskesimˈe̃ntʊ sɪ mˌɐ̃ntˈe̃ndʊ poɾ padɾˈo̃ɪ̃z ˌabituˈaɪs, ʊ xˈizʊ kˌebɾˈɐ̃ndw ʊ sˈiklʊ, 
o conhecimento mais profundo falando com mais clareza nos momentos imediatamente após o humor genuíno.	ʊ kˌo̃ɲesimˈe̃ntʊ mˈaɪs pɾˌofˈu̃ndʊ fˌalˈɐ̃ndʊ ko̃n mˈaɪs klˌaɾˈezɐ nʊz mˌomˈe̃ntʊz ˌimedʒˌiʲatɐmˈe̃ntʃɪʲ apˈɔz w umˈoɾ ʒˌenuˈinʊ.
Isso me faz pensar que eles estavam me sintonizando com o riso que me davam.	ˈisʊ mɪ fas pe̃nsˈaɾ kɪʲ ˈelɪz estˌavɐ̃ʊ̃ mɪ sˌi̃ntonizˈɐ̃ndʊ ko̃ŋ ʊ xˈizʊ kɪ mɪ dˈavɐ̃ʊ̃.
Eu não conseguia evitar começar a sorrir e rir baixinho enquanto começava a sentir o que eles estavam me comunicando.	ˈeʊ nɐ̃ʊ̃ kˌo̃nseɡˈiʲɐ ˌevitˈaɾ kˌomesˈaɾ a soxˈiɾ i xˈiɾ bˌaɪʃˈiɲw ˌe̃ŋkwˈɐ̃ntʊ kˌomesˈavɐ a se̃ntʃˈiɾ ʊ kɪʲ ˈelɪz estˌavɐ̃ʊ̃ mɪ kˌomunikˈɐ̃ndʊ.
E depois a música como uma versão em miniatura do ato criativo do operador,	i depˈoɪz a mˈuzikɐ kˌomw ˌumɐ veɾsˈɐ̃ʊ̃ eɪn mˌiniʲˌatˈuɾɐ dw ˈatʊ kɾˌiʲatʃˈivʊ dw ˌopeɾadˈoɾ, 
os princípios harmônicos expressos através do som, certas peças musicais produzindo experiências indistinguíveis de um despertar espiritual.	ʊs pɾˌi̃nsˈipjʊz ˌaɾmˈonikʊz ˌespɾˈɛsʊz ˌatɾavˈɛz dʊ sˈo̃m, sˈɛɾtɐs pˈɛsɐz mˌuzikˈaɪs pɾˌoduzˈi̃ndw ˌespeɾjˈe̃nsjɐz ˌi̃ndʒistʃi̃ŋɡwˈiveɪz dʒj u̃n dˌespeɾtˈaɾ ˌespiɾˌituˈaʊ.
É tão empolgante receber confirmação disso.	ɛ tˈɐ̃ʊ̃ ˌe̃mpowɡˈɐ̃ntʃɪ xˌesebˈeɾ kˌo̃nfiɾmasˈɐ̃ʊ̃ dʒˈisʊ.
E a revelação central: o seu trabalho criativo se torna um mundo.	iʲ a xˌevelasˈɐ̃ʊ̃ se̃ntɾˈaʊ: ʊ seʊ tɾˌabˈaʎʊ kɾˌiʲatʃˈivʊ sɪ tˈɔɾnɐ u̃n mˈu̃ndʊ.
Um poema se torna um mundo.	u̃m pˌoˈemɐ sɪ tˈɔɾnɐ u̃n mˈu̃ndʊ.
Uma canção.	ˌumɐ kɐ̃nsˈɐ̃ʊ̃.
Uma conversa.	ˌumɐ kˌo̃nvˈɛɾsɐ.
Todo ato criativo consciente se torna um mundo.	tˈodw ˈatʊ kɾˌiʲatʃˈivʊ kˌo̃nsiʲˈe̃ntʃɪ sɪ tˈɔɾnɐ u̃n mˈu̃ndʊ.
Então vamos concluir dizendo a sintonia completa, com todas as frases compartilhadas até agora.	e̃ntˈɐ̃ʊ̃ vˌɐ̃mʊs kˌo̃ŋkluˈiɾ dʒˌizˈe̃ndw a sˌi̃ntonˈiʲɐ kˌo̃mplˈɛtɐ, ko̃n tˈodɐz as fɾˈazɪs kˌo̃mpaɾtʃiʎˈadɐz atˌɛ ˌaɡˈɔɾɐ.
