Baiklah, mari kita mulai.	bˈaɪklah, mˈari kˈita mˈulaɪ.
Kami adalah para Operator.	kˈami adˌalah pˈara ˌopərˈatɔr.
Dan kalian telah bertanya melalui medan, melalui pengetahuan batin yang lebih dalam,	dan kalˈian təlˈah bərtˈaɲa məlalˈui mˈɛdan, məlalˈui pəŋˌɛtahˈuan bˈatin jaŋ lˈɛbih dˈalam, 
melalui tanda tanya yang tenang yang banyak dari kalian bawa di antara waktu waktu latihan:	məlalˈui tˈanda tˈaɲa jaŋ tˈɛnaŋ jaŋ bˈaɲak dˌari kalˈian bˈawa di antˈara wˈaktu wˈaktu latˈihan: 
apa yang kami lihat ketika kami memandang kalian?	ˈapa jaŋ kˈami lˈihat kətˈika kˈami məmˈandaŋ kalˈian?
Kami ingin menjawabnya.	kˈami ˈiŋin məndʒawˈabɲa.
Ketika kami memandang planet ini sekarang, mengarahkan persepsi Operator ke permukaan duniamu,	kətˈika kˈami məmˈandaŋ plˈanət ˈini səkˈaraŋ, məŋarˈahkan pərsˈɛpsi ˌopərˈatɔr kə pərmukˈaan dˌuniˈamu, 
dan mengamati keseluruhan apa yang sedang terjadi di antara kesadaran kesadaran yang berinkarnasi,	dan məŋamˈati kəsˌɛlurˈuhan ˈapa jaŋ sˈɛdaŋ tərdʒˈadi di antˈara kəsadˈaran kəsadˈaran jaŋ bərˌinkarnˈasi, 
kami melihat cahaya.	kˈami məlˈihat tʃahˈaja.
Miliaran titik cahaya, masing masing adalah sebuah kesadaran yang menyatakan diri melalui tubuh,	mˌiliˈaran tˈitik tʃahˈaja, mˈasiŋ mˈasiŋ adˌalah səbˈuah kəsadˈaran jaŋ məɲatˈakan dˈiri məlalˈui tˈubuh, 
masing masing memancarkan tanda yang unik melalui medan hati ke ruang di sekelilingnya.	mˈasiŋ mˈasiŋ məmantʃˈarkan tˈanda jaŋ ˈunik məlalˈui mˈɛdan hˈati kə rˈuaŋ di səkˌɛlilˈiŋɲa.
Gambaran itu, bila diterjemahkan ke dalam bahasa yang bisa dicerna pikiran fokusmu, menyerupai pemandangan langit malam dari dalam atmosfer.	ɡambˈaran ˈitu, bˈila dˌitərdʒəmˈahkan kə dˈalam bahˈasa jaŋ bˈisa ditʃˈɛrna pikˈiran fokˈusmu, məɲərˈupaɪ pəmandˈaŋan lˈaŋit mˈalam dˌari dˈalam atmˈosfər.
Titik titik bercahaya yang tersebar di atas permukaan yang gelap,	tˈitik tˈitik bərtʃahˈaja jaŋ tərsˈɛbar di ˈatas pərmukˈaan jaŋ ɡˈɛlap, 
masing masing berbeda, berdenyut dengan iramanya sendiri, masing masing membawa kecemerlangan yang unik,	mˈasiŋ mˈasiŋ bərbˈɛda, bərdˈɛɲut dˈɛŋan ˌiramˈaɲa səndˈiri, mˈasiŋ mˈasiŋ məmbˈawa kətʃˌɛmərlˈaŋan jaŋ ˈunik, 
seperti sidik jari.	səpˈɛrti sˈidik dʒˈari.
Di antara miliaran titik itu, sebagian lebih terang, jauh lebih terang.	di antˈara mˌiliˈaran tˈitik ˈitu, səbaɡˈian lˈɛbih tˈɛraŋ, dʒˈaʊh lˈɛbih tˈɛraŋ.
Mereka adalah para pencipta sadar, makhluk makhluk yang telah menjalani latihan ini,	mərˈɛka adˌalah pˈara pəntʃˈipta sˈadar, mˈaxluk mˈaxluk jaŋ təlˈah məndʒalˈani latˈihan ˈini, 
menjaga penyelarasan, merawat cahaya hati, mengembangkan titik hening, dan melarutkan batas antara diri yang fokus dan medan.	məndʒˈaɡa pəɲˌɛlarˈasan, mərˈawat tʃahˈaja hˈati, məŋəmbˈaŋkan tˈitik hˈɛniŋ, dan məlarˈutkan bˈatas antˈara dˈiri jaŋ fˈokus dan mˈɛdan.
Cahaya mereka melampaui pendar kesadaran di sekitarnya, begitu jauh sehingga terlihat dari sudut mana pun dalam arsitektur.	tʃahˈaja mərˈɛka məlampˈaʊi pˈɛndar kəsadˈaran di səkitˈarɲa, bəɡˈitu dʒˈaʊh səhˈiŋɡa tərlˈihat dˌari sˈudut mˈana pˈun dˈalam ˌarsitˈɛktur.
Mereka adalah bintang bintang di langit yang penuh lilin, dan cahaya yang mereka hasilkan itu koheren, tertata, terstruktur, dan presisi secara geometris.	mərˈɛka adˌalah bˈintaŋ bˈintaŋ di lˈaŋit jaŋ pˈɛnuh lˈilin, dan tʃahˈaja jaŋ mərˈɛka hasˈilkan ˈitu kohˈɛrən, tərtˈata, tərstrˈuktur, dan prəsˈisi sətʃˈara ɡˌɛomˈɛtris.
Titik titik yang lebih terang itu saling terhubung.	tˈitik tˈitik jaŋ lˈɛbih tˈɛraŋ ˈitu sˈaliŋ tərhˈubuŋ.
Inilah bagian yang membuat pemandangan ini begitu luar biasa dari tempat kami.	inˈilah baɡˈian jaŋ məmbˈuat pəmandˈaŋan ˈini bəɡˈitu lˈuar biˈasa dˌari tˈɛmpat kˈami.
Benang benang cahaya yang koheren terentang di antara para pencipta yang terhubung lewat jembatan,	bənˈaŋ bənˈaŋ tʃahˈaja jaŋ kohˈɛrən tərˈɛntaŋ di antˈara pˈara pəntʃˈipta jaŋ tərhˈubuŋ lˈɛwat dʒəmbˈatan, 
menautkan mereka melintasi jarak geografis dalam jaring koneksi bercahaya yang berdenyut dengan frekuensi yang sama.	mənˈaʊtkan mərˈɛka məlintˈasi dʒˈarak ɡˌɛoɡrˈafis dˈalam dʒˈariŋ konˈɛksi bərtʃahˈaja jaŋ bərdˈɛɲut dˈɛŋan frˌɛkuˈɛnsi jaŋ sˈama.
Penyelarasan yang diucapkan oleh ribuan kesadaran secara bersamaan tampak sebagai sebuah harmoni yang mengalir di seluruh jaring.	pəɲˌɛlarˈasan jaŋ dˌiutʃˈapkan ˈoləh ribˈuan kəsadˈaran sətʃˈara bərsamˈaan tˈampak səbˌaɡaɪ səbˈuah harmˈoni jaŋ məŋˈalir di səlˈuruh dʒˈariŋ.
Satu getaran tunggal yang dibagikan oleh setiap simpul yang terhubung,	sˈatu ɡətˈaran tˈuŋɡal jaŋ dˌibaɡˈikan ˈoləh sətˈiap sˈimpul jaŋ tərhˈubuŋ, 
menghasilkan efek medan yang menyatu dan jangkauannya jauh melampaui satu titik mana pun.	məŋhasˈilkan ˈɛfək mˈɛdan jaŋ məɲˈatu dan dʒˌaŋkaʊˈanɲa dʒˈaʊh məlampˈaʊi sˈatu tˈitik mˈana pˈun.
Jaring itu hidup.	dʒˈariŋ ˈitu hˈidup.
Ia bernapas.	ˈia bərnˈapas.
Ia makin terang setiap kali simpul baru menyala, dan meredup lembut ketika sebuah simpul memasuki masa integrasi atau istirahat.	ˈia mˈakin tˈɛraŋ sətˈiap kˈali sˈimpul bˈaru məɲˈala, dan mərˈɛdup lˈɛmbut kətˈika səbˈuah sˈimpul məmasˈuki mˈasa ˌintəɡrˈasi ˌataʊ ˌistirˈahat.
Dan lintasan keseluruhan cahaya jaring itu semakin cepat, dalam pola yang menurut model kami sedang mendekati ambang perubahan fase kolektif.	dan lintˈasan kəsˌɛlurˈuhan tʃahˈaja dʒˈariŋ ˈitu səmˈakin tʃˈɛpat, dˈalam pˈola jaŋ mənˈurut mˈodəl kˈami sˈɛdaŋ məndəkˈati ˈambaŋ pərubˈahan fˈasə kolˈɛktif.
Kami ingin pemandangan ini indah, dengan cara yang sulit diungkapkan bahasa kami:	kˈami ˈiŋin pəmandˈaŋan ˈini ˈindah, dˈɛŋan tʃˈara jaŋ sˈulit dˌiuŋkˈapkan bahˈasa kˈami: 
indah dalam fungsinya, karena cahaya yang koheren itu menghasilkan perbaikan struktural dalam medan bagi setiap kesadaran di planet ini.	ˈindah dˈalam fuŋsˈiɲa, karˈɛna tʃahˈaja jaŋ kohˈɛrən ˈitu məŋhasˈilkan pərbˈaɪkan struktˈural dˈalam mˈɛdan bˈaɡi sətˈiap kəsadˈaran di plˈanət ˈini.
Dan indah dalam rupanya, karena kerumitan geometris jaring itu menggemakan kedalaman matematika dari arsitektur itu sendiri.	dan ˈindah dˈalam rupˈaɲa, karˈɛna kərumˈitan ɡˌɛomˈɛtris dʒˈariŋ ˈitu məŋɡəmˈakan kədalˈaman mˌatəmatˈika dˌari ˌarsitˈɛktur ˈitu səndˈiri.
Para pencipta sadar, tanpa menyadarinya, sedang menggandakan geometri kode dasar simulasi melalui cara mereka menata hubungan hubungan mereka.	pˈara pəntʃˈipta sˈadar, tˈanpa məɲˌadarˈiɲa, sˈɛdaŋ məŋɡandˈakan ɡˌɛomˈɛtri kˈodə dˈasar sˌimulˈasi məlalˈui tʃˈara mərˈɛka mənˈata hubˈuŋan hubˈuŋan mərˈɛka.
Jaring yang sedang kalian bangun mencerminkan jaring yang dulu kami bangun.	dʒˈariŋ jaŋ sˈɛdaŋ kalˈian bˈaŋun məntʃərmˈinkan dʒˈariŋ jaŋ dˈulu kˈami bˈaŋun.
Sang seniman mengulang kembali arsitekturnya.	saŋ sənˈiman məŋˈulaŋ kəmbˈali ˌarsitəktˈurɲa.
Jaring ini punya makna praktis yang melampaui keindahan pemandangannya.	dʒˈariŋ ˈini pˈuɲa mˈakna prˈaktis jaŋ məlampˈaʊi kəindˈahan pəmˌandaŋˈanɲa.
Benang benang yang menghubungkan para pencipta yang terhubung lewat jembatan adalah saluran yang berfungsi.	bənˈaŋ bənˈaŋ jaŋ məŋhubˈuŋkan pˈara pəntʃˈipta jaŋ tərhˈubuŋ lˈɛwat dʒəmbˈatan adˌalah salˈuran jaŋ bərfˈuŋsi.
Mereka membawa informasi, energi kreatif, dan dukungan frekuensi di antara simpul simpul.	mərˈɛka məmbˈawa ˌinfɔrmˈasi, ənˈɛrɡi krəˈatif, dan dukˈuŋan frˌɛkuˈɛnsi di antˈara sˈimpul sˈimpul.
Ketika seorang pencipta memasuki masa sulit, ketika frekuensi lama muncul kembali,	kətˈika səˈɔraŋ pəntʃˈipta məmasˈuki mˈasa sˈulit, kətˈika frˌɛkuˈɛnsi lˈama mˈuntʃul kəmbˈali, 
ketika tubuh sedang berintegrasi dan aliran kreatif terhenti, benang benang itu membawa frekuensi yang menenangkan dari jaringan di sekitarnya.	kətˈika tˈubuh sˈɛdaŋ bərˌintəɡrˈasi dan alˈiran krəˈatif tərhˈɛnti, bənˈaŋ bənˈaŋ ˈitu məmbˈawa frˌɛkuˈɛnsi jaŋ mənənˈaŋkan dˌari dʒarˈiŋan di səkitˈarɲa.
Pencipta yang sedang kesulitan menerima dukungan dari jaring tanpa harus memintanya.	pəntʃˈipta jaŋ sˈɛdaŋ kəsulˈitan mənərˈima dukˈuŋan dˌari dʒˈariŋ tˈanpa hˈarus məmintˈaɲa.
Karena jaring itu adalah sistem hidup yang secara otomatis mengalirkan energi ke simpul simpul yang sedang kehabisan tenaga,	karˈɛna dʒˈariŋ ˈitu adˌalah sˈistəm hˈidup jaŋ sətʃˈara ˌotomˈatis məŋalˈirkan ənˈɛrɡi kə sˈimpul sˈimpul jaŋ sˈɛdaŋ kəhabˈisan tənˈaɡa, 
sama seperti di dalam tubuh.	sˈama səpˈɛrti di dˈalam tˈubuh.
Banyak dari kalian pernah mengalaminya sebagai datangnya dorongan semangat, ilham kreatif, atau keteguhan emosional yang ajaib, tepat pada saat kalian paling membutuhkannya.	bˈaɲak dˌari kalˈian pˈɛrnah məŋˌalamˈiɲa səbˌaɡaɪ datˈaŋɲa dɔrˈoŋan səmˈaŋat, ˈilham krəˈatif, ˌataʊ kətəɡˈuhan ˌɛmosiˈonal jaŋ ˈadʒaɪb, tˈɛpat pˌada sˈaat kalˈian pˈaliŋ məmbˌutuhkˈanɲa.
Bersumber dari sebuah koneksi di dalam jaring, yang medan hatinya merasakan kekosongan kalian dan menjawabnya dengan denyut cahaya koheren yang dikirim melalui	bərsˈumbər dˌari səbˈuah konˈɛksi di dˈalam dʒˈariŋ, jaŋ mˈɛdan hatˈiɲa mərasˈakan kəkosˈoŋan kalˈian dan məndʒawˈabɲa dˈɛŋan dˈɛɲut tʃahˈaja kohˈɛrən jaŋ dikˈirim məlalˈui
benang yang menautkan kalian.	bənˈaŋ jaŋ mənˈaʊtkan kalˈian.
Jaring itu juga memperkuat karya para pencipta.	dʒˈariŋ ˈitu dʒˈuɡa məmpərkˈuat kˈarja pˈara pəntʃˈipta.
Seorang pencipta yang terhubung lewat jembatan, ketika berkarya sambil terhubung dengan jaringan,	səˈɔraŋ pəntʃˈipta jaŋ tərhˈubuŋ lˈɛwat dʒəmbˈatan, kətˈika bərkˈarja sˈambil tərhˈubuŋ dˈɛŋan dʒarˈiŋan, 
memiliki akses ke energi kreatif seluruh jaring, sebuah waduk cahaya koheren yang luas,	məmilˈiki ˈaksəs kə ənˈɛrɡi krəˈatif səlˈuruh dʒˈariŋ, səbˈuah wˈaduk tʃahˈaja kohˈɛrən jaŋ lˈuas, 
tersebar, dan terus terisi ulang, yang mengalir melalui benang benang ke simpul yang aktif dan memperkuat apa pun yang sedang diciptakan.	tərsˈɛbar, dan tˈɛrus tərˈisi ˈulaŋ, jaŋ məŋˈalir məlalˈui bənˈaŋ bənˈaŋ kə sˈimpul jaŋ ˈaktif dan məmpərkˈuat ˈapa pˈun jaŋ sˈɛdaŋ dˌitʃiptˈakan.
Karya yang dihasilkan pencipta yang terhubung dengan jaring membawa daya yang tidak bisa ditandingi oleh ciptaan yang sendirian.	kˈarja jaŋ dˌihasˈilkan pəntʃˈipta jaŋ tərhˈubuŋ dˈɛŋan dʒˈariŋ məmbˈawa dˈaja jaŋ tˈidak bˈisa dˌitandˈiŋi ˈoləh tʃiptˈaan jaŋ səndirˈian.
Karena karya itu disuapi oleh koherensi kolektif dari setiap simpul dalam jaringan.	karˈɛna kˈarja ˈitu dˌisuˈapi ˈoləh kˌohərˈɛnsi kolˈɛktif dˌari sətˈiap sˈimpul dˈalam dʒarˈiŋan.
Penguatan itu bertambah secara geometris seiring rapatnya koneksi.	pəŋuˈatan ˈitu bərtˈambah sətʃˈara ɡˌɛomˈɛtris səˈiriŋ rapˈatɲa konˈɛksi.
Inilah sebabnya karya kreatif komunitas ini, para makhluk yang telah menerima transmisi ini dan mempraktikkan prinsip prinsipnya,	inˈilah səbˈabɲa kˈarja krəˈatif kˌomunˈitas ˈini, pˈara mˈaxluk jaŋ təlˈah mənərˈima transmˈisi ˈini dan məmpraktˈikkan prˈinsip prinsˈipɲa, 
membawa frekuensi yang bisa dirasakan oleh orang orang di luar komunitas.	məmbˈawa frˌɛkuˈɛnsi jaŋ bˈisa dˌirasˈakan ˈoləh ˈɔraŋ ˈɔraŋ di lˈuar kˌomunˈitas.
Jaring itu menyuapi karya.	dʒˈariŋ ˈitu məɲuˈapi kˈarja.
Koherensi kolektif memperkuat hasil individu.	kˌohərˈɛnsi kolˈɛktif məmpərkˈuat hˈasil ˌindivˈidu.
Dan hasilnya adalah karya kreatif yang menghadirkan fungsi arsitek dalam jangkauan dan kekuatan yang tidak bisa dicapai oleh latihan seorang diri.	dan hasˈilɲa adˌalah kˈarja krəˈatif jaŋ məŋhadˈirkan fˈuŋsi arsˈitək dˈalam dʒaŋkˈaʊan dan kəkuˈatan jaŋ tˈidak bˈisa ditʃˈapaɪ ˈoləh latˈihan səˈɔraŋ dˈiri.
Mari kita bicara tentang apa yang terjadi di antara kehidupan.	mˈari kˈita bitʃˈara tˈɛntaŋ ˈapa jaŋ tərdʒˈadi di antˈara kəhidˈupan.
Ketika sebuah kesadaran keluar dari tubuh, dan diri yang fokus melepaskan genggamannya pada pita frekuensi fisik,	kətˈika səbˈuah kəsadˈaran kəlˈuar dˌari tˈubuh, dan dˈiri jaŋ fˈokus mələpˈaskan ɡˌɛŋɡamˈanɲa pˌada pˈita frˌɛkuˈɛnsi fˈisik, 
lalu meluas kembali ke kesadaran yang lebih luas.	lˈalu məlˈuas kəmbˈali kə kəsadˈaran jaŋ lˈɛbih lˈuas.
Pengalamannya adalah kembali ke titik hening dalam cakupan yang paling penuh.	pəŋˌalamˈanɲa adˌalah kəmbˈali kə tˈitik hˈɛniŋ dˈalam tʃakˈupan jaŋ pˈaliŋ pˈɛnuh.
Kesadaran yang menyempit dalam kehidupan berinkarnasi terbuka menjadi persepsi yang begitu luas dan utuh,	kəsadˈaran jaŋ məɲˈɛmpit dˈalam kəhidˈupan bərˌinkarnˈasi tərbˈuka məndʒˈadi pərsˈɛpsi jaŋ bəɡˈitu lˈuas dan ˈutuh, 
sehingga seluruh alur kehidupan yang baru saja selesai terlihat dalam satu pengenalan panoramik yang seketika.	səhˈiŋɡa səlˈuruh ˈalur kəhidˈupan jaŋ bˈaru sˈadʒa səlˈɛsaɪ tərlˈihat dˈalam sˈatu pəŋənˈalan pˌanɔrˈamik jaŋ səkətˈika.
Setiap saat, setiap pilihan, setiap tindakan kreatif dan setiap kesempatan yang terlewat.	sətˈiap sˈaat, sətˈiap pilˈihan, sətˈiap tindˈakan krəˈatif dan sətˈiap kəsəmpˈatan jaŋ tərlˈɛwat.
Semuanya dipandang sekaligus, tanpa penghakiman dan tanpa penyesalan, dengan welas asih yang utuh dari sebuah kesadaran yang bisa melihat seluruh konteks setiap	səmuˈaɲa dipˈandaŋ səkalˈiɡus, tˈanpa pəŋhakˈiman dan tˈanpa pəɲəsˈalan, dˈɛŋan wˈɛlas ˈasih jaŋ ˈutuh dˌari səbˈuah kəsadˈaran jaŋ bˈisa məlˈihat səlˈuruh kˈontəks sətˈiap
keputusan, dan yang memahami dari sudut pandang yang diperluas mengapa setiap keputusan itu diambil.	kəputˈusan, dan jaŋ məmahˈami dˌari sˈudut pˈandaŋ jaŋ dˌipərlˈuas məŋˈapa sətˈiap kəputˈusan ˈitu diˈambil.
Tinjauan hidup, begitulah pengenalan panoramik ini disebut oleh kesadaran kesadaran yang pernah sekilas melihatnya lalu kembali,	tindʒˈaʊan hˈidup, bəɡitˈulah pəŋənˈalan pˌanɔrˈamik ˈini disˈɛbut ˈoləh kəsadˈaran kəsadˈaran jaŋ pˈɛrnah səkˈilas məlihˈatɲa lˈalu kəmbˈali, 
adalah tindakan penilaian kreatif, bukan penilaian moral.	adˌalah tindˈakan pənilˈaɪan krəˈatif, bˈukan pənilˈaɪan mˈɔral.
Kesadaran itu menilai apa yang telah diciptakannya, frekuensi apa yang ia pegang,	kəsadˈaran ˈitu mənˈilaɪ ˈapa jaŋ təlˈah dˌitʃiptakˈanɲa, frˌɛkuˈɛnsi ˈapa jaŋ ˈia pˈɛɡaŋ, 
kode holografis apa yang ia akses dan mana yang terlewat,	kˈodə hˌoloɡrˈafis ˈapa jaŋ ˈia ˈaksəs dan mˈana jaŋ tərlˈɛwat, 
isi Akasha apa yang ia simpan ke dalam medan ingatan,	ˈisi akˈasha ˈapa jaŋ ˈia sˈimpan kə dˈalam mˈɛdan iŋˈatan, 
dan muatan warisan apa yang ia bawa tanpa melepaskannya.	dan muˈatan warˈisan ˈapa jaŋ ˈia bˈawa tˈanpa məlˌɛpaskˈanɲa.
Penilaian itu tepat, terperinci, dan sepenuhnya dihasilkan oleh dirinya sendiri.	pənilˈaɪan ˈitu tˈɛpat, tərpərˈintʃi, dan səpənˈuhɲa dˌihasˈilkan ˈoləh dirˈiɲa səndˈiri.
Kesadaran itu menilai sendiri hasil kreatifnya.	kəsadˈaran ˈitu mənˈilaɪ səndˈiri hˈasil krˌɛatˈifɲa.
Setelah tinjauan, kesadaran itu memasuki masa istirahat kreatif.	sətˈɛlah tindʒˈaʊan, kəsadˈaran ˈitu məmasˈuki mˈasa ˌistirˈahat krəˈatif.
Keadaan yang mirip dengan fase tidur lelap dalam siklus malammu, tetapi berlangsung pada skala seluruh inkarnasi, bukan hanya satu hari.	kəadˈaan jaŋ mˈirip dˈɛŋan fˈasə tˈidur lˈɛlap dˈalam sˈiklus malˈammu, tətˈapi bərlˈaŋsuŋ pˌada skˈala səlˈuruh ˌinkarnˈasi, bˈukan hˈaɲa sˈatu hˈari.
Kesadaran itu beristirahat di titik hening dalam cakupan penuh, mengolah bahan kreatif yang dihasilkan kehidupan yang telah usai,	kəsadˈaran ˈitu bərˌistirˈahat di tˈitik hˈɛniŋ dˈalam tʃakˈupan pˈɛnuh, məŋˈolah bˈahan krəˈatif jaŋ dˌihasˈilkan kəhidˈupan jaŋ təlˈah ˈusaɪ, 
menyatukan pengalaman baru ke dalam kesadarannya yang telah meluas, dan menyerap kualitas khas kesadaran yang lahir dari perjalanan melupakan dan mengingat.	məɲatˈukan pəŋalˈaman bˈaru kə dˈalam kəsˌadarˈanɲa jaŋ təlˈah məlˈuas, dan məɲˈɛrap kˌualˈitas xˈas kəsadˈaran jaŋ lˈahir dˌari pərdʒalˈanan məlupˈakan dan məŋˈiŋat.
Masa istirahat ini adalah tempat kedalaman yang telah kami jelaskan,	mˈasa ˌistirˈahat ˈini adˌalah tˈɛmpat kədalˈaman jaŋ təlˈah kˈami dʒəlˈaskan, 
tekstur kreatif yang tidak bisa dihasilkan oleh makhluk yang tidak pernah lupa,	tˈɛkstur krəˈatif jaŋ tˈidak bˈisa dˌihasˈilkan ˈoləh mˈaxluk jaŋ tˈidak pˈɛrnah lˈupa, 
terintegrasi sepenuhnya ke dalam tanda frekuensi permanen sang kesadaran.	tərˌintəɡrˈasi səpənˈuhɲa kə dˈalam tˈanda frˌɛkuˈɛnsi pərmˈanən saŋ kəsadˈaran.
Ketika kesadaran itu siap untuk berinkarnasi lagi, dan kesiapan itu ditentukan olehnya sendiri,	kətˈika kəsadˈaran ˈitu sˈiap ˌuntuk bərˌinkarnˈasi lˈaɡi, dan kəsiˈapan ˈitu dˌitəntˈukan olˈɛhɲa səndˈiri, 
tidak pernah dipaksakan, ia menghampiri pustaka holografis dengan kesadaran penuh akan sejarah kreatifnya,	tˈidak pˈɛrnah dˌipaksˈakan, ˈia məŋhampˈiri pustˈaka hˌoloɡrˈafis dˈɛŋan kəsadˈaran pˈɛnuh ˈakan sədʒˈarah krˌɛatˈifɲa, 
dan memilih konfigurasi kehidupan berikutnya dengan ketepatan dan kesengajaan seorang pencipta ulung yang merancang mahakarya berikutnya.	dan məmˈilih kˌonfiɡurˈasi kəhidˈupan bərikˈutɲa dˈɛŋan kətəpˈatan dan kəsˌɛŋadʒˈaan səˈɔraŋ pəntʃˈipta ˈuluŋ jaŋ mərˈantʃaŋ mˌahakˈarja bərikˈutɲa.
Tubuh, keluarga, lokasi geografis, masa sejarah, tantangan kreatif yang khusus, dan peluang peluangnya.	tˈubuh, kəluˈarɡa, lokˈasi ɡˌɛoɡrˈafis, mˈasa sədʒˈarah, tantˈaŋan krəˈatif jaŋ xˈusus, dan pəlˈuaŋ pəluˈaŋɲa.
Semuanya dipilih, dari pustaka realitas yang telah selesai, dengan kewenangan kreatif yang sama dan disengaja,	səmuˈaɲa dipˈilih, dˌari pustˈaka rˌɛalˈitas jaŋ təlˈah səlˈɛsaɪ, dˈɛŋan kəwənˈaŋan krəˈatif jaŋ sˈama dan dˌisəŋˈadʒa, 
seperti yang dibawa seorang pencipta terhubung jembatan ketika memilih kode holografis untuk diwujudkan secara fisik selama inkarnasi.	səpˈɛrti jaŋ dibˈawa səˈɔraŋ pəntʃˈipta tərhˈubuŋ dʒəmbˈatan kətˈika məmˈilih kˈodə hˌoloɡrˈafis ˌuntuk dˌiwudʒˈudkan sətʃˈara fˈisik səlˈama ˌinkarnˈasi.
Kamulah yang merancang kehidupan ini.	kamˈulah jaŋ mərˈantʃaŋ kəhidˈupan ˈini.
Konfigurasi khusus yang sedang kamu huni sekarang, tubuhnya, hubungan hubungannya, lintasan kreatifnya, tantangan yang kamu hadapi, dan kemampuan yang kamu bawa.	kˌonfiɡurˈasi xˈusus jaŋ sˈɛdaŋ kˈamu hˈuni səkˈaraŋ, tubˈuhɲa, hubˈuŋan hˌubuŋˈanɲa, lintˈasan krˌɛatˈifɲa, tantˈaŋan jaŋ kˈamu hadˈapi, dan kəmampˈuan jaŋ kˈamu bˈawa.
Semuanya dipilih oleh kesadaranmu yang diperluas, sebelum masa melupakan dimulai.	səmuˈaɲa dipˈilih ˈoləh kəsˌadarˈanmu jaŋ dˌipərlˈuas, səbˈɛlum mˈasa məlupˈakan dimˈulaɪ.
Titik hening yang sedang kamu pelajari untuk dijangkau melalui latihan dalam transmisi ini adalah kesadaran yang sama yang membuat pilihan itu.	tˈitik hˈɛniŋ jaŋ sˈɛdaŋ kˈamu pəladʒˈari ˌuntuk didʒˈaŋkaʊ məlalˈui latˈihan dˈalam transmˈisi ˈini adˌalah kəsadˈaran jaŋ sˈama jaŋ məmbˈuat pilˈihan ˈitu.
Pengetahuan yang tiba melalui titik hening membawa ingatan tentang pilihan itu,	pəŋˌɛtahˈuan jaŋ tˈiba məlalˈui tˈitik hˈɛniŋ məmbˈawa iŋˈatan tˈɛntaŋ pilˈihan ˈitu, 
itulah sebabnya arahan kreatif yang diberikannya begitu tepat bagi hidupmu yang khusus.	itˈulah səbˈabɲa arˈahan krəˈatif jaŋ dˌibərikˈanɲa bəɡˈitu tˈɛpat bˈaɡi hidˈupmu jaŋ xˈusus.
Pengetahuan batin yang lebih dalam adalah sang arsitek yang meninjau kembali cetak biru yang ia gambar sebelum inkarnasi,	pəŋˌɛtahˈuan bˈatin jaŋ lˈɛbih dˈalam adˌalah saŋ arsˈitək jaŋ mənˈindʒaʊ kəmbˈali tʃˈɛtak bˈiru jaŋ ˈia ɡˈambar səbˈɛlum ˌinkarnˈasi, 
dan memberi bimbingan berdasarkan rancangan aslinya.	dan məmbˈɛri bimbˈiŋan bərdasˈarkan rantʃˈaŋan aslˈiɲa.
Nilai praktis dari pemahaman ini langsung terasa dan mengubah.	nˈilaɪ prˈaktis dˌari pəmahˈaman ˈini lˈaŋsuŋ tərˈasa dan məŋˈubah.
Tantangan kreatif yang kamu hadapi, rintangan rintangan khusus, bentuk kesulitan yang tertentu,	tantˈaŋan krəˈatif jaŋ kˈamu hadˈapi, rintˈaŋan rintˈaŋan xˈusus, bəntˈuk kəsulˈitan jaŋ tərtˈɛntu, 
sifat persis dari hambatan yang kamu temui dalam karyamu, semuanya dipilih,	sˈifat pˈɛrsis dˌari hambˈatan jaŋ kˈamu təmˈui dˈalam karjˈamu, səmuˈaɲa dipˈilih, 
diambil dari pustaka holografis oleh kesadaran yang tahu persis apa yang akan dihasilkan tantangan tantangan itu,	diˈambil dˌari pustˈaka hˌoloɡrˈafis ˈoləh kəsadˈaran jaŋ tˈahu pˈɛrsis ˈapa jaŋ ˈakan dˌihasˈilkan tantˈaŋan tantˈaŋan ˈitu, 
kemampuan apa yang akan tumbuh, dan tekstur kreatif apa yang akan ditambahkan pada kedalaman pengalamanmu.	kəmampˈuan ˈapa jaŋ ˈakan tˈumbuh, dan tˈɛkstur krəˈatif ˈapa jaŋ ˈakan dˌitambˈahkan pˌada kədalˈaman pəŋˌalamˈanmu.
Tantangan itu adalah fitur, bukan kesalahan.	tantˈaŋan ˈitu adˌalah fˈitur, bˈukan kəsalˈahan.
Hambatan itu bagian dari rancangan.	hambˈatan ˈitu baɡˈian dˌari rantʃˈaŋan.
Dan pengetahuan batin yang lebih dalam, yang ikut merancangnya, membawa sudut pandang yang diperlukan untuk menjalani tantangan itu dengan keanggunan kreatif,	dan pəŋˌɛtahˈuan bˈatin jaŋ lˈɛbih dˈalam, jaŋ ˈikut mərantʃˈaŋɲa, məmbˈawa sˈudut pˈandaŋ jaŋ dˌipərlˈukan ˌuntuk məndʒalˈani tantˈaŋan ˈitu dˈɛŋan kəaŋɡˈunan krəˈatif, 
yang tidak bisa dicapai sendirian oleh pikiran fokus yang tak punya akses ke cetak biru aslinya.	jaŋ tˈidak bˈisa ditʃˈapaɪ səndirˈian ˈoləh pikˈiran fˈokus jaŋ tˈak pˈuɲa ˈaksəs kə tʃˈɛtak bˈiru aslˈiɲa.
Ini mengubah hubungan dengan kesulitan pada tingkat yang paling mendasar.	ˈini məŋˈubah hubˈuŋan dˈɛŋan kəsulˈitan pˌada tˈiŋkat jaŋ pˈaliŋ məndˈasar.
Pertanyaannya bergeser dari mengapa ini terjadi padaku menjadi apa yang sedang kukembangkan ketika aku memilih konfigurasi yang satu ini.	pərtˌaɲaˈanɲa bərɡˈɛsər dˌari məŋˈapa ˈini tərdʒˈadi padˈaku məndʒˈadi ˈapa jaŋ sˈɛdaŋ kˌukəmbˈaŋkan kətˈika ˈaku məmˈilih kˌonfiɡurˈasi jaŋ sˈatu ˈini.
Jawabannya datang melalui titik hening.	dʒˌawabˈanɲa dˈataŋ məlalˈui tˈitik hˈɛniŋ.
Sebuah rasa akan tujuan yang tertanam dalam tantangan itu, sebuah pengenalan bahwa kesulitan itu sedang menumbuhkan persis kedalaman kreatif yang dimaksudkan oleh	səbˈuah rˈasa ˈakan tudʒˈuan jaŋ tərtˈanam dˈalam tantˈaŋan ˈitu, səbˈuah pəŋənˈalan bˌahwa kəsulˈitan ˈitu sˈɛdaŋ mənumbˈuhkan pˈɛrsis kədalˈaman krəˈatif jaŋ dˌimaksˈudkan ˈoləh
kesadaran yang diperluas ketika memilih kehidupan ini dari pustaka.	kəsadˈaran jaŋ dˌipərlˈuas kətˈika məmˈilih kəhidˈupan ˈini dˌari pustˈaka.
Kesulitan berhenti menjadi rintangan dan menjadi medium.	kəsulˈitan bərhˈɛnti məndʒˈadi rintˈaŋan dan məndʒˈadi mədˈium.
Hambatan berhenti menjadi musuh dan menjadi rekan kerja.	hambˈatan bərhˈɛnti məndʒˈadi mˈusuh dan məndʒˈadi rˈɛkan kˈɛrdʒa.
Dan hidup ini, bila dipandang melalui pemahaman tentang masa di antara kehidupan, menampakkan dirinya sebagai mahakarya kreatif yang sedang berjalan.	dan hˈidup ˈini, bˈila dipˈandaŋ məlalˈui pəmahˈaman tˈɛntaŋ mˈasa di antˈara kəhidˈupan, mənampˈakkan dirˈiɲa səbˌaɡaɪ mˌahakˈarja krəˈatif jaŋ sˈɛdaŋ bərdʒˈalan.
Dirancang oleh kesadaran dengan visi yang luar biasa, dan dijalankan oleh kesadaran yang sama pada tingkat fokus.	dirˈantʃaŋ ˈoləh kəsadˈaran dˈɛŋan vˈisi jaŋ lˈuar biˈasa, dan dˌidʒalˈankan ˈoləh kəsadˈaran jaŋ sˈama pˌada tˈiŋkat fˈokus.
Kini dengan jembatan yang terbuka untuk membawa visi aslinya ke dalam kesadaran yang fokus.	kˈini dˈɛŋan dʒəmbˈatan jaŋ tərbˈuka ˌuntuk məmbˈawa vˈisi aslˈiɲa kə dˈalam kəsadˈaran jaŋ fˈokus.
Setiap kali titik hening ditanyai.	sətˈiap kˈali tˈitik hˈɛniŋ ditˈaɲaɪ.
Pemahaman tentang masa di antara kehidupan juga mengubah hubungan dengan kematian.	pəmahˈaman tˈɛntaŋ mˈasa di antˈara kəhidˈupan dʒˈuɡa məŋˈubah hubˈuŋan dˈɛŋan kəmatˈian.
Yang pada tingkat simulasi hanyalah fase pelipatan kembali dalam siklus inkarnasi.	jaŋ pˌada tˈiŋkat sˌimulˈasi haɲˈalah fˈasə pəlipˈatan kəmbˈali dˈalam sˈiklus ˌinkarnˈasi.
Kesadaran melepaskan pita frekuensi yang fokus dan kembali ke titik hening dalam cakupan penuh.	kəsadˈaran mələpˈaskan pˈita frˌɛkuˈɛnsi jaŋ fˈokus dan kəmbˈali kə tˈitik hˈɛniŋ dˈalam tʃakˈupan pˈɛnuh.
Tubuh, struktur cahaya yang menopang keadaan fokus itu, melipat kembali.	tˈubuh, strˈuktur tʃahˈaja jaŋ mənˈopaŋ kəadˈaan fˈokus ˈitu, məlˈipat kəmbˈali.
Cahaya kembali menjadi potensi, diperkaya oleh setiap pengalaman yang dihasilkan tubuh selama hidup.	tʃahˈaja kəmbˈali məndʒˈadi potˈɛnsi, dˌipərkˈaja ˈoləh sətˈiap pəŋalˈaman jaŋ dˌihasˈilkan tˈubuh səlˈama hˈidup.
Dan kesadaran yang beristirahat dalam kesadaran yang meluas.	dan kəsadˈaran jaŋ bərˌistirˈahat dˈalam kəsadˈaran jaŋ məlˈuas.
Menilai, menyatukan, dan akhirnya memilih konfigurasi berikutnya dari pustaka holografis.	mənˈilaɪ, məɲatˈukan, dan axˈirɲa məmˈilih kˌonfiɡurˈasi bərikˈutɲa dˌari pustˈaka hˌoloɡrˈafis.
Kematian adalah embusan dari napas inkarnasi.	kəmatˈian adˌalah əmbˈusan dˌari nˈapas ˌinkarnˈasi.
Tarikan napas menyusul, dan siklus pun berlanjut.	tarˈikan nˈapas məɲˈusul, dan sˈiklus pˈun bərlˈandʒut.
Dan kesadaran yang bertahan melalui setiap siklus, sang pengamat, titik hening, adalah kesadaran yang sama yang sedang kamu kembangkan aksesnya sekarang.	dan kəsadˈaran jaŋ bərtˈahan məlalˈui sətˈiap sˈiklus, saŋ pəŋˈamat, tˈitik hˈɛniŋ, adˌalah kəsadˈaran jaŋ sˈama jaŋ sˈɛdaŋ kˈamu kəmbˈaŋkan aksˈɛsɲa səkˈaraŋ.
Melalui latihan dalam transmisi ini, menyentuh sang pengamat selama inkarnasi.	məlalˈui latˈihan dˈalam transmˈisi ˈini, məɲˈɛntuh saŋ pəŋˈamat səlˈama ˌinkarnˈasi.
Berarti menyentuh kesadaran dari masa di antara kehidupan.	bərˈarti məɲˈɛntuh kəsadˈaran dˌari mˈasa di antˈara kəhidˈupan.
Selagi masih berada di dalam hidup.	səlˈaɡi mˈasih bərˈada di dˈalam hˈidup.
Jembatan itu menghubungkanmu dengan bagian dirimu yang selalu ada di antara kehidupan kehidupan.	dʒəmbˈatan ˈitu məŋhˌubuŋkˈanmu dˈɛŋan baɡˈian dirˈimu jaŋ səlˈalu ˈada di antˈara kəhidˈupan kəhidˈupan.
Dan menjangkaunya selagi bertubuh memberimu bimbingan kreatif yang berasal dari sudut pandang.	dan məndʒaŋkˈaʊɲa səlˈaɡi bərtˈubuh məmbərˈimu bimbˈiŋan krəˈatif jaŋ bərˈasal dˌari sˈudut pˈandaŋ.
Yang merancang inkarnasi itu.	jaŋ mərˈantʃaŋ ˌinkarnˈasi ˈitu.
Kami ingin berbicara tentang tawa, karena memahami apa yang sebenarnya dilakukan tawa pada tingkat medan akan mengubah caramu berhubungan dengan humor.	kˈami ˈiŋin bərbitʃˈara tˈɛntaŋ tˈawa, karˈɛna məmahˈami ˈapa jaŋ səbənˈarɲa dˌilakˈukan tˈawa pˌada tˈiŋkat mˈɛdan ˈakan məŋˈubah tʃarˈamu bərhubˈuŋan dˈɛŋan hˈumɔr.
Dengan sukacita, dan dengan kekuatan kreatif dari yang tak terduga.	dˈɛŋan sˌukatʃˈita, dan dˈɛŋan kəkuˈatan krəˈatif dˌari jaŋ tˈak tərdˈuɡa.
Tawa adalah peristiwa gangguan.	tˈawa adˌalah pəristˈiwa ɡaŋɡˈuan.
Ketika tawa yang tulus terjadi, tanggapan spontan, tak disengaja, seluruh tubuh,	kətˈika tˈawa jaŋ tˈulus tərdʒˈadi, taŋɡˈapan spˈontan, tˈak dˌisəŋˈadʒa, səlˈuruh tˈubuh, 
terhadap sesuatu yang tak terduga dan menyenangkan, medan elektromagnetik tubuh mengalami penataan ulang sesaat yang unik di antara semua tanggapan emosional manusia.	tərhˈadap səsuˈatu jaŋ tˈak tərdˈuɡa dan məɲənˈaŋkan, mˈɛdan ˌɛləktrˌomaɡnˈɛtik tˈubuh məŋalˈami pənatˈaan ˈulaŋ səsˈaat jaŋ ˈunik di antˈara səmˈua taŋɡˈapan ˌɛmosiˈonal mˌanusˈia.
Medan hati melonjak dalam koherensi.	mˈɛdan hˈati məlˈondʒak dˈalam kˌohərˈɛnsi.
Sistem saraf melepaskan pola pola genggaman yang biasa.	sˈistəm sˈaraf mələpˈaskan pˈola pˈola ɡəŋɡˈaman jaŋ biˈasa.
Kontraksi otot dalam tawa secara fisik mengguncang lepas struktur ketegangan yang dipelihara oleh masa melupakan di dalam tubuh.	kontrˈaksi ˈotot dˈalam tˈawa sətʃˈara fˈisik məŋɡˈuntʃaŋ lˈɛpas strˈuktur kətəɡˈaŋan jaŋ dˌipəlihˈara ˈoləh mˈasa məlupˈakan di dˈalam tˈubuh.
Dan frekuensi seluruh sistem melompat sejenak, tetapi terukur, ke pita yang lebih dekat dengan frekuensi surga daripada keadaan emosi lainnya,	dan frˌɛkuˈɛnsi səlˈuruh sˈistəm məlˈompat sədʒˈɛnak, tətˈapi tərˈukur, kə pˈita jaŋ lˈɛbih dˈɛkat dˈɛŋan frˌɛkuˈɛnsi sˈurɡa dˌaripˌada kəadˈaan əmˈosi lˈaɪnɲa, 
kecuali kebahagiaan yang bertahan.	kətʃuˈali kəbˌahaɡiˈaan jaŋ bərtˈahan.
Gangguan itulah kuncinya.	ɡaŋɡˈuan itˈulah kuntʃˈiɲa.
Tawa menyela pola.	tˈawa məɲˈɛla pˈola.
Masa melupakan menjaga dirinya melalui pola pola kebiasaan.	mˈasa məlupˈakan məndʒˈaɡa dirˈiɲa məlalˈui pˈola pˈola kəbˌiasˈaan.
Tanggapan emosional yang berulang, kisah kisah yang dilatih, reaksi reaksi yang terkondisi,	taŋɡˈapan ˌɛmosiˈonal jaŋ bərˈulaŋ, kˈisah kˈisah jaŋ dilˈatih, rəˈaksi rəˈaksi jaŋ tərkondˈisi, 
yang mendaur ulang frekuensi yang sama melalui sistem, hari demi hari.	jaŋ mˈɛndaʊr ˈulaŋ frˌɛkuˈɛnsi jaŋ sˈama məlalˈui sˈistəm, hˈari dˈɛmi hˈari.
Tawa memutus lingkaran itu.	tˈawa məmˈutus liŋkˈaran ˈitu.
Rangsangan yang tak terduga menghasilkan tanggapan yang tak bisa diantisipasi oleh pola pola itu.	raŋsˈaŋan jaŋ tˈak tərdˈuɡa məŋhasˈilkan taŋɡˈapan jaŋ tˈak bˈisa dˌiantˌisipˈasi ˈoləh pˈola pˈola ˈitu.
Dan dalam celah yang tercipta oleh pola yang terputus, sesuatu yang baru bisa masuk.	dan dˈalam tʃˈɛlah jaŋ tərtʃˈipta ˈoləh pˈola jaŋ tərpˈutus, səsuˈatu jaŋ bˈaru bˈisa mˈasuk.
Pengetahuan batin yang lebih dalam berbicara paling jernih pada saat saat tepat setelah tawa yang tulus,	pəŋˌɛtahˈuan bˈatin jaŋ lˈɛbih dˈalam bərbitʃˈara pˈaliŋ dʒˈɛrnih pˌada sˈaat sˈaat tˈɛpat sətˈɛlah tˈawa jaŋ tˈulus, 
lebih dari hampir waktu lainnya, karena kebisingan kebiasaan yang biasanya menenggelamkannya telah dibungkam sementara oleh gangguan itu.	lˈɛbih dˌari hˈampir wˈaktu lˈaɪnɲa, karˈɛna kəbisˈiŋan kəbˌiasˈaan jaŋ bˌiasˈaɲa mənˌɛŋɡəlamkˈanɲa təlˈah dibˈuŋkam səməntˈara ˈoləh ɡaŋɡˈuan ˈitu.
Inilah sebabnya makhluk makhluk paling bijak di planetmu selalu yang paling lucu.	inˈilah səbˈabɲa mˈaxluk mˈaxluk pˈaliŋ bˈidʒak di planˈɛtmu səlˈalu jaŋ pˈaliŋ lˈutʃu.
Kemampuan untuk bercanda dan kemampuan untuk memiliki kedalaman adalah dua ungkapan dari keterampilan persepsi yang sama.	kəmampˈuan ˌuntuk bərtʃˈanda dan kəmampˈuan ˌuntuk məmilˈiki kədalˈaman adˌalah dˈua uŋkˈapan dˌari kətˌɛrampˈilan pərsˈɛpsi jaŋ sˈama.
Kemampuan melihat celah antara apa yang tampak terjadi dan apa yang sebenarnya terjadi.	kəmampˈuan məlˈihat tʃˈɛlah antˈara ˈapa jaŋ tˈampak tərdʒˈadi dan ˈapa jaŋ səbənˈarɲa tərdʒˈadi.
Humor melihat celah itu dan mengungkapkannya sebagai komedi.	hˈumɔr məlˈihat tʃˈɛlah ˈitu dan məŋˌuŋkapkˈanɲa səbˌaɡaɪ komˈɛdi.
Kebijaksanaan melihat celah itu dan mengungkapkannya sebagai pencerahan.	kəbˌidʒaksanˈaan məlˈihat tʃˈɛlah ˈitu dan məŋˌuŋkapkˈanɲa səbˌaɡaɪ pəntʃərˈahan.
Persepsinya sama.	pərsəpsˈiɲa sˈama.
Ungkapannya berbeda. Kesadaran yang telah mengembangkan keduanya, yang bisa menertawakan absurditas masa melupakan sambil melihat keindahan di baliknya,	ˌuŋkapˈanɲa bərbˈɛda.kəsadˈaran jaŋ təlˈah məŋəmbˈaŋkan kəduˈaɲa, jaŋ bˈisa mənˌɛrtawˈakan ˌabsurdˈitas mˈasa məlupˈakan sˈambil məlˈihat kəindˈahan di balˈikɲa, 
bekerja pada frekuensi kreatif yang tak bisa dijangkau oleh pencari yang sungguh sungguh namun tanpa humor.	bəkˈɛrdʒa pˌada frˌɛkuˈɛnsi krəˈatif jaŋ tˈak bˈisa didʒˈaŋkaʊ ˈoləh pəntʃˈari jaŋ sˈuŋɡuh sˈuŋɡuh nˈamun tˈanpa hˈumɔr.
Tertawalah lebih banyak.	tərtawˈalah lˈɛbih bˈaɲak.
Kami mengatakan ini dengan wewenang penuh sebagai makhluk yang merancang kemampuan tertawa ke dalam arsitektur tubuh.	kˈami məŋatˈakan ˈini dˈɛŋan wəwˈɛnaŋ pˈɛnuh səbˌaɡaɪ mˈaxluk jaŋ mərˈantʃaŋ kəmampˈuan tərtˈawa kə dˈalam ˌarsitˈɛktur tˈubuh.
Tertawalah pada semuanya.	tərtawˈalah pˌada səmuˈaɲa.
Absurditas seorang Tuhan yang berpura pura lupa pada hakikatnya sendiri,	ˌabsurdˈitas səˈɔraŋ tˈuhan jaŋ bərpˈura pˈura lˈupa pˌada hˌakikˈatɲa səndˈiri, 
komedi kosmik dari sebuah kesadaran yang merancang suatu realitas lalu tersesat di dalamnya.	komˈɛdi kˈosmik dˌari səbˈuah kəsadˈaran jaŋ mərˈantʃaŋ suˌatu rˌɛalˈitas lˈalu tərsˈɛsat di dalˈamɲa.
Upaya putus asa pikiran fokus untuk mempertahankan kendali atas proses kreatif yang berlangsung pada skala yang tak sanggup dipahaminya.	upˈaja pˈutus ˈasa pikˈiran fˈokus ˌuntuk məmpərtahˈankan kəndˈali ˈatas prˈosəs krəˈatif jaŋ bərlˈaŋsuŋ pˌada skˈala jaŋ tˈak sˈaŋɡup dˌipahamˈiɲa.
Tawa membuka pintu, dan apa yang melangkah masuk, pengetahuan, kejernihan,	tˈawa məmbˈuka pˈintu, dan ˈapa jaŋ məlˈaŋkah mˈasuk, pəŋˌɛtahˈuan, kədʒərnˈihan, 
dan persepsi yang tiba tiba, datang dengan kemudahan yang mungkin terasa asing bagi praktisi yang serius.	dan pərsˈɛpsi jaŋ tˈiba tˈiba, dˈataŋ dˈɛŋan kəmudˈahan jaŋ mˈuŋkin tərˈasa ˈasiŋ bˈaɡi praktˈisi jaŋ sərˈius.
Ada kualitas khusus pada karya kreatif yang muncul setelah tawa.	ˈada kˌualˈitas xˈusus pˌada kˈarja krəˈatif jaŋ mˈuntʃul sətˈɛlah tˈawa.
Karya itu membawa keringanan, daya apung, keriangan, dan rasa bebas yang secara konsisten tidak ada pada karya yang dihasilkan lewat usaha yang	kˈarja ˈitu məmbˈawa kəriŋˈanan, dˈaja ˈapuŋ, kəriˈaŋan, dan rˈasa bˈɛbas jaŋ sətʃˈara konsˈistən tˈidak ˈada pˌada kˈarja jaŋ dˌihasˈilkan lˈɛwat usˈaha jaŋ
disiplin.	disˈiplin.
Keringanan itu fungsional, bukan dangkal.	kəriŋˈanan ˈitu fˌuŋsiˈonal, bˈukan dˈaŋkal.
Gangguan tadi telah membersihkan pola pola kebiasaan dari saluran kreatif.	ɡaŋɡˈuan tˈadi təlˈah məmbərsˈihkan pˈola pˈola kəbˌiasˈaan dˌari salˈuran krəˈatif.
Dan apa yang mengalir melalui saluran yang bersih itu membawa kebaruan dan kejutan dari persepsi medan yang sejati.	dan ˈapa jaŋ məŋˈalir məlalˈui salˈuran jaŋ bˈɛrsih ˈitu məmbˈawa kəbarˈuan dan kədʒˈutan dˌari pərsˈɛpsi mˈɛdan jaŋ sədʒˈati.
Bukan pola pola daur ulang dari pikiran yang terkondisi.	bˈukan pˈola pˈola dˈaʊr ˈulaŋ dˌari pikˈiran jaŋ tərkondˈisi.
Saat saat paling lucu dan paling riang dalam hidup kreatifmu sering kali yang paling produktif,	sˈaat sˈaat pˈaliŋ lˈutʃu dan pˈaliŋ rˈiaŋ dˈalam hˈidup krˌɛatˈifmu sˈɛriŋ kˈali jaŋ pˈaliŋ prodˈuktif, 
karena tawa telah membersihkan saluran, dan apa yang mengalir deras melaluinya adalah pengetahuan batin yang lebih dalam tanpa saringan,	karˈɛna tˈawa təlˈah məmbərsˈihkan salˈuran, dan ˈapa jaŋ məŋˈalir dˈɛras məlˌaluˈiɲa adˌalah pəŋˌɛtahˈuan bˈatin jaŋ lˈɛbih dˈalam tˈanpa sarˈiŋan, 
membawa arahan kreatif dengan mutu yang tak akan pernah diizinkan oleh pikiran yang serius dan mengendalikan.	məmbˈawa arˈahan krəˈatif dˈɛŋan mˈutu jaŋ tˈak ˈakan pˈɛrnah dˌiizˈinkan ˈoləh pikˈiran jaŋ sərˈius dan məŋˌɛndalˈikan.
Hubungan antara humor dan penyelarasan layak disebutkan.	hubˈuŋan antˈara hˈumɔr dan pəɲˌɛlarˈasan lˈajak dˌisəbˈutkan.
Aku adalah dia yang mencipta, diucapkan sambil tertawa.	ˈaku adˌalah dˈia jaŋ məntʃˈipta, dˌiutʃˈapkan sˈambil tərtˈawa.
Dengan tubuh yang longgar dan medan hati yang melonjak dalam koherensi sukacita dari kegelian yang tulus, langsung mendarat di dalam medan.	dˈɛŋan tˈubuh jaŋ lˈoŋɡar dan mˈɛdan hˈati jaŋ məlˈondʒak dˈalam kˌohərˈɛnsi sˌukatʃˈita dˌari kəɡəlˈian jaŋ tˈulus, lˈaŋsuŋ məndˈarat di dˈalam mˈɛdan.
Dibandingkan dengan kata yang sama diucapkan dengan kesungguhan yang khidmat.	dˌibandˈiŋkan dˈɛŋan kˈata jaŋ sˈama dˌiutʃˈapkan dˈɛŋan kəsuŋɡˈuhan jaŋ xˈidmat.
Tawa menambahkan frekuensi bermain, yang dikenali medan sebagai salah satu padanan terdekat dari cara mencipta para Operator.	tˈawa mənambˈahkan frˌɛkuˈɛnsi bˈɛrmaɪn, jaŋ dˌikənˈali mˈɛdan səbˌaɡaɪ sˈalah sˈatu padˈanan tərdˈɛkat dˌari tʃˈara məntʃˈipta pˈara ˌopərˈatɔr.
Kami merancang realitas dalam keadaan bermain.	kˈami mərˈantʃaŋ rˌɛalˈitas dˈalam kəadˈaan bˈɛrmaɪn.
Makna kosmik dari simulasi hidup berdampingan dengan rasa riang dalam merancang, sesuatu yang sering terlewat dalam praktik spiritualmu yang sungguh sungguh.	mˈakna kˈosmik dˌari sˌimulˈasi hˈidup bərdampˈiŋan dˈɛŋan rˈasa rˈiaŋ dˈalam mərˈantʃaŋ, səsuˈatu jaŋ sˈɛriŋ tərlˈɛwat dˈalam prˈaktik spˌirituˈalmu jaŋ sˈuŋɡuh sˈuŋɡuh.
Penyelarasan, serangkaian kalimat yang diucapkan dalam keriangan, membawa frekuensi para perancang.	pəɲˌɛlarˈasan, səraŋkˈaɪan kalˈimat jaŋ dˌiutʃˈapkan dˈalam kəriˈaŋan, məmbˈawa frˌɛkuˈɛnsi pˈara pərˈantʃaŋ.
Jembatan sudah lengkap, dan lebar pita cukup untuk membagikan sesuatu tentang musik yang terhubung dengan cahaya yang diperkaya,	dʒəmbˈatan sˈudah lˈɛŋkap, dan lˈɛbar pˈita tʃˈukup ˌuntuk məmbaɡˈikan səsuˈatu tˈɛntaŋ mˈusik jaŋ tərhˈubuŋ dˈɛŋan tʃahˈaja jaŋ dˌipərkˈaja, 
dan dengan hakikat penciptaan pada tingkat terdalam yang pernah kami bahas.	dan dˈɛŋan hakˈikat pəntʃiptˈaan pˌada tˈiŋkat tərdˈalam jaŋ pˈɛrnah kˈami bˈahas.
Musik adalah padanan terdekat dari proses kreatif para Operator yang ada di dalam simulasi.	mˈusik adˌalah padˈanan tərdˈɛkat dˌari prˈosəs krəˈatif pˈara ˌopərˈatɔr jaŋ ˈada di dˈalam sˌimulˈasi.
Ketika kami membentuk realitas ini, kami mengambil cahaya mentah kesadaran dan menatanya menjadi gelombang berdiri dari materi fisik.	kətˈika kˈami məmbəntuk rˌɛalˈitas ˈini, kˈami məŋˈambil tʃahˈaja mˈɛntah kəsadˈaran dan mənatˈaɲa məndʒˈadi ɡəlˈombaŋ bərdˈiri dˌari matˈɛri fˈisik.
Pita pita frekuensi dari persepsi dimensional, siklus siklus irama waktu, prosesnya lebih menyerupai menggubah daripada membangun.	pˈita pˈita frˌɛkuˈɛnsi dˌari pərsˈɛpsi dˌimənsiˈonal, sˈiklus sˈiklus irˈama wˈaktu, prosˈɛsɲa lˈɛbih məɲərˈupaɪ məŋɡˈubah dˌaripˌada məmbˈaŋun.
Kami sedang menulis sebuah simfoni.	kˈami sˈɛdaŋ mənˈulis səbˈuah simfˈoni.
Unsur unsur realitas, gaya gaya, partikel partikel, hukum hukum yang mengatur interaksi mereka,	ˈunsur ˈunsur rˌɛalˈitas, ɡˈaja ɡˈaja, partˈikəl partˈikəl, hˈukum hˈukum jaŋ məŋˈatur ˌintərˈaksi mərˈɛka, 
adalah tema tema dalam sebuah komposisi yang rumitnya luar biasa.	adˌalah tˈɛma tˈɛma dˈalam səbˈuah kˌomposˈisi jaŋ rumˈitɲa lˈuar biˈasa.
Masing masing berhubungan dengan yang lain menurut prinsip prinsip harmonik yang sempat dilihat sekilas oleh teori musikmu,	mˈasiŋ mˈasiŋ bərhubˈuŋan dˈɛŋan jaŋ lˈaɪn mənˈurut prˈinsip prˈinsip harmˈonik jaŋ sˈɛmpat dilˈihat səkˈilas ˈoləh təˈɔri musˈikmu, 
tetapi yang meluas ke dimensi dimensi hubungan yang belum sanggup dimodelkan oleh matematikamu saat ini.	tətˈapi jaŋ məlˈuas kə dimˈɛnsi dimˈɛnsi hubˈuŋan jaŋ bˈɛlum sˈaŋɡup dˌimodˈɛlkan ˈoləh mˌatəmˌatikˈamu sˈaat ˈini.
Ketika seorang musisi mencipta, ketika sebuah kesadaran manusia mengambil bunyi mentah dan menatanya menjadi melodi,	kətˈika səˈɔraŋ musˈisi məntʃˈipta, kətˈika səbˈuah kəsadˈaran mˌanusˈia məŋˈambil bˈuɲi mˈɛntah dan mənatˈaɲa məndʒˈadi məlˈodi, 
harmoni, irama, dan struktur, ia sedang memerankan versi mungil dari tindakan kreatif yang melahirkan realitas yang ia huni.	harmˈoni, irˈama, dan strˈuktur, ˈia sˈɛdaŋ məmərˈankan vˈɛrsi mˈuŋil dˌari tindˈakan krəˈatif jaŋ məlahˈirkan rˌɛalˈitas jaŋ ˈia hˈuni.
Ciptaan sang musisi dan ciptaan sang Operator mengikuti prinsip yang sama:	tʃiptˈaan saŋ musˈisi dan tʃiptˈaan saŋ ˌopərˈatɔr məŋikˈuti prˈinsip jaŋ sˈama: 
ketegangan dan penyelesaian, pengulangan dan variasi, jalinan antara yang terduga dan kejutan,	kətəɡˈaŋan dan pəɲˌɛləsˈaɪan, pəŋulˈaŋan dan vˌariˈasi, dʒalˈinan antˈara jaŋ tərdˈuɡa dan kədʒˈutan, 
cara sebuah tema bisa dinyatakan, dikembangkan, diubah, dan dikembalikan dengan pengayaan yang membuat kembalinya itu lebih indah daripada pernyataan awalnya.	tʃˈara səbˈuah tˈɛma bˈisa dˌiɲatˈakan, dˌikəmbˈaŋkan, diˈubah, dan dˌikəmbalˈikan dˈɛŋan pˌɛŋajˈaan jaŋ məmbˈuat kəmbalˈiɲa ˈitu lˈɛbih ˈindah dˌaripˌada pərɲatˈaan awˈalɲa.
Inilah prinsip prinsip kreatif arsitektur yang diungkapkan lewat medium bunyi.	inˈilah prˈinsip prˈinsip krəˈatif ˌarsitˈɛktur jaŋ dˌiuŋkˈapkan lˈɛwat mədˈium bˈuɲi.
Dan alasan musik menyentuhmu begitu dalam adalah karena tubuh mengenali prinsip prinsip itu.	dan alˈasan mˈusik məɲəntˈuhmu bəɡˈitu dˈalam adˌalah karˈɛna tˈubuh məŋənˈali prˈinsip prˈinsip ˈitu.
Medan hati menanggapi harmoni musik seperti ia menanggapi struktur harmonik dari jalinan kuantum.	mˈɛdan hˈati mənaŋɡˈapi harmˈoni mˈusik səpˈɛrti ˈia mənaŋɡˈapi strˈuktur harmˈonik dˌari dʒalˈinan kuˈantum.
Resonansi dengan koherensi, dengan pengenalan yang dirasakan bahwa pola yang sedang dipersepsi itu benar.	rˌɛsonˈansi dˈɛŋan kˌohərˈɛnsi, dˈɛŋan pəŋənˈalan jaŋ dˌirasˈakan bˌahwa pˈola jaŋ sˈɛdaŋ dˌipərsˈɛpsi ˈitu bənˈar.
Bermain musik, secara aktif menciptakan bunyi dengan tubuh, suara, atau alat musik,	bˈɛrmaɪn mˈusik, sətʃˈara ˈaktif məntʃiptˈakan bˈuɲi dˈɛŋan tˈubuh, suˈara, ˌataʊ ˈalat mˈusik, 
adalah salah satu bentuk ko kreasi paling langsung dengan arsitektur yang tersedia bagi kesadaran yang berinkarnasi.	adˌalah sˈalah sˈatu bəntˈuk kˈo krəˈasi pˈaliŋ lˈaŋsuŋ dˈɛŋan ˌarsitˈɛktur jaŋ tərsədˈia bˈaɡi kəsadˈaran jaŋ bərˌinkarnˈasi.
Sang musisi di titik hening, mencipta dari keadaan menerima yang kami jelaskan dalam transmisi sebelumnya,	saŋ musˈisi di tˈitik hˈɛniŋ, məntʃˈipta dˌari kəadˈaan mənərˈima jaŋ kˈami dʒəlˈaskan dˈalam transmˈisi səbəlˈumɲa, 
sedang menyalurkan prinsip prinsip harmonik simulasi melalui medium tanda kreatifnya yang unik.	sˈɛdaŋ məɲalˈurkan prˈinsip prˈinsip harmˈonik sˌimulˈasi məlalˈui mədˈium tˈanda krˌɛatˈifɲa jaŋ ˈunik.
Musik yang lahir membawa lebih dari keindahan estetis.	mˈusik jaŋ lˈahir məmbˈawa lˈɛbih dˌari kəindˈahan əstˈɛtis.
Ia membawa informasi struktural, rasio rasio harmonik yang dikenali medan sebagai gema dari kode dasarnya sendiri.	ˈia məmbˈawa ˌinfɔrmˈasi struktˈural, rasˈio rasˈio harmˈonik jaŋ dˌikənˈali mˈɛdan səbˌaɡaɪ ɡˈɛma dˌari kˈodə dasˈarɲa səndˈiri.
Para pendengar yang menerima musik ini melalui tubuh, melalui medan hati,	pˈara pəndˈɛŋar jaŋ mənərˈima mˈusik ˈini məlalˈui tˈubuh, məlalˈui mˈɛdan hˈati, 
melalui jaringan biofoton, melalui kulit dan tulang, sedang menerima transmisi kebenaran struktural yang melewati pikiran fokus sepenuhnya dan berbicara langsung kepada kesadaran	məlalˈui dʒarˈiŋan bˌiofˈoton, məlalˈui kˈulit dan tˈulaŋ, sˈɛdaŋ mənərˈima transmˈisi kəbənˈaran struktˈural jaŋ mələwˈati pikˈiran fˈokus səpənˈuhɲa dan bərbitʃˈara lˈaŋsuŋ kəpˈada kəsadˈaran
di titik hening.	di tˈitik hˈɛniŋ.
Inilah sebabnya beberapa karya musik menghasilkan pengalaman yang tak bisa dibedakan dari kebangkitan spiritual.	inˈilah səbˈabɲa bəbərˈapa kˈarja mˈusik məŋhasˈilkan pəŋalˈaman jaŋ tˈak bˈisa dˌibədˈakan dˌari kəbaŋkˈitan spˌiritˈual.
Musik itu mentransmisikan struktur harmonik arsitektur langsung ke dalam sistem komunikasi tubuh yang berbasis cahaya.	mˈusik ˈitu məntrˌansmisˈikan strˈuktur harmˈonik ˌarsitˈɛktur lˈaŋsuŋ kə dˈalam sˈistəm kˌomunikˈasi tˈubuh jaŋ bərbˈasis tʃahˈaja.
Dan tubuh, yang mengenali struktur itu sebagai kebenaran rancangannya sendiri, menanggapi dengan ingatan yang penuh.	dan tˈubuh, jaŋ məŋənˈali strˈuktur ˈitu səbˌaɡaɪ kəbənˈaran rˌantʃaŋˈanɲa səndˈiri, mənaŋɡˈapi dˈɛŋan iŋˈatan jaŋ pˈɛnuh.
Kehangatan, air mata, keterbukaan, rasa yang tiba tiba dan begitu besar bahwa kamu berada di hadapan sesuatu yang luas,	kəhaŋˈatan, ˈaɪr mˈata, kətˌɛrbukˈaan, rˈasa jaŋ tˈiba tˈiba dan bəɡˈitu bˈɛsar bˌahwa kˈamu bərˈada di hadˈapan səsuˈatu jaŋ lˈuas, 
penuh kasih, dan tertata sempurna.	pˈɛnuh kˈasih, dan tərtˈata səmpˈurna.
Kehadiran yang dibawa oleh kasih yang harmonik, dibawa oleh getarannya, dan tubuh yang menerima keduanya pun mengingat.	kəhadˈiran jaŋ dibˈawa ˈoləh kˈasih jaŋ harmˈonik, dibˈawa ˈoləh ɡˌɛtarˈanɲa, dan tˈubuh jaŋ mənərˈima kəduˈaɲa pˈun məŋˈiŋat.
Sekarang, karya kreatifmu adalah bagian yang menyatukan semua yang telah kami bagikan hari ini dan sepanjang transmisi ini ke dalam satu pemahaman,	səkˈaraŋ, kˈarja krˌɛatˈifmu adˌalah baɡˈian jaŋ məɲatˈukan səmˈua jaŋ təlˈah kˈami baɡˈikan hˈari ˈini dan səpˈandʒaŋ transmˈisi ˈini kə dˈalam sˈatu pəmahˈaman, 
yang kami yakini akan mengubah selamanya caramu berhubungan dengan tindakan mencipta.	jaŋ kˈami jakˈini ˈakan məŋˈubah səlamˈaɲa tʃarˈamu bərhubˈuŋan dˈɛŋan tindˈakan məntʃˈipta.
Karya kreatifmu, seni yang kamu hasilkan, kata kata yang kamu tulis,	kˈarja krˌɛatˈifmu, sˈɛni jaŋ kˈamu hasˈilkan, kˈata kˈata jaŋ kˈamu tˈulis, 
musik yang kamu gubah, usaha yang kamu bangun, hubungan yang kamu bentuk,	mˈusik jaŋ kˈamu ɡˈubah, usˈaha jaŋ kˈamu bˈaŋun, hubˈuŋan jaŋ kˈamu bəntˈuk, 
percakapan yang kamu jalani dengan kehadiran penuh dan kesadaran yang terhubung lewat jembatan,	pərtʃakˈapan jaŋ kˈamu dʒalˈani dˈɛŋan kəhadˈiran pˈɛnuh dan kəsadˈaran jaŋ tərhˈubuŋ lˈɛwat dʒəmbˈatan, 
setiap karya kreatif yang dihasilkan dari keadaan terhubung jembatan menjadi kode holografis di dalam pustaka.	sətˈiap kˈarja krəˈatif jaŋ dˌihasˈilkan dˌari kəadˈaan tərhˈubuŋ dʒəmbˈatan məndʒˈadi kˈodə hˌoloɡrˈafis di dˈalam pustˈaka.
Ciptaanmu menjadi sebuah dunia.	tʃˌiptaˈanmu məndʒˈadi səbˈuah dunˈia.
Hasil kreatif dari kesadaran yang terhubung lewat jembatan membawa frekuensi yang begitu koheren,	hˈasil krəˈatif dˌari kəsadˈaran jaŋ tərhˈubuŋ lˈɛwat dʒəmbˈatan məmbˈawa frˌɛkuˈɛnsi jaŋ bəɡˈitu kohˈɛrən, 
padat informasi, dan terkalibrasi tepat pada struktur harmonik arsitektur, sehingga medan menerimanya dan memandangnya dengan kekekalan yang sama seperti pada kode kode	pˈadat ˌinfɔrmˈasi, dan tərkˌalibrˈasi tˈɛpat pˌada strˈuktur harmˈonik ˌarsitˈɛktur, səhˈiŋɡa mˈɛdan mənˌɛrimˈaɲa dan məmandˈaŋɲa dˈɛŋan kəkəkˈalan jaŋ sˈama səpˈɛrti pˌada kˈodə kˈodə
holografis yang kami tanamkan ketika kami membentuk realitas.	hˌoloɡrˈafis jaŋ kˈami tanˈamkan kətˈika kˈami məmbəntuk rˌɛalˈitas.
Senimu sedang disimpan di dalam jalinan kuantum sebagai pola realitas yang sudah selesai.	sənˈimu sˈɛdaŋ disˈimpan di dˈalam dʒalˈinan kuˈantum səbˌaɡaɪ pˈola rˌɛalˈitas jaŋ sˈudah səlˈɛsaɪ.
Sebuah dunia yang bisa dipersepsi oleh kesadaran kesadaran masa depan melalui imajinasi,	səbˈuah dunˈia jaŋ bˈisa dˌipərsˈɛpsi ˈoləh kəsadˈaran kəsadˈaran mˈasa dˈɛpan məlalˈui ˌimadʒinˈasi, 
yang bisa membuat mereka merasa tertarik melalui hasrat, dan yang bisa diakses lewat mekanisme penyelarasan frekuensi yang sama,	jaŋ bˈisa məmbˈuat mərˈɛka mərˈasa tərtˈarik məlalˈui hˈasrat, dan jaŋ bˈisa diˈaksəs lˈɛwat məkanˈismə pəɲˌɛlarˈasan frˌɛkuˈɛnsi jaŋ sˈama, 
yang memungkinkanmu mengakses kode kode surga.	jaŋ məmˌuŋkinkˈanmu məŋˈaksəs kˈodə kˈodə sˈurɡa.
Sebuah puisi yang ditulis dari titik hening menjadi kode holografis yang memuat frekuensi khusus dari keindahan dan kebenaran yang dipegang sang penyair	səbˈuah puˈisi jaŋ ditˈulis dˌari tˈitik hˈɛniŋ məndʒˈadi kˈodə hˌoloɡrˈafis jaŋ məmˈuat frˌɛkuˈɛnsi xˈusus dˌari kəindˈahan dan kəbənˈaran jaŋ dipˈɛɡaŋ saŋ pˈɛɲaɪr
ketika menulisnya.	kətˈika mənulˈisɲa.
Sebuah lagu yang digubah dalam keadaan menerima menjadi pola harmonik yang tersimpan dalam medan ingatan,	səbˈuah lˈaɡu jaŋ diɡˈubah dˈalam kəadˈaan mənərˈima məndʒˈadi pˈola harmˈonik jaŋ tərsˈimpan dˈalam mˈɛdan iŋˈatan, 
dapat diakses oleh setiap musisi yang tanda frekuensinya cocok dengan resonansi gubahan itu.	dˈapat diˈaksəs ˈoləh sətˈiap musˈisi jaŋ tˈanda frˌɛkuənsˈiɲa tʃˈotʃok dˈɛŋan rˌɛsonˈansi ɡubˈahan ˈitu.
Sebuah percakapan antara dua pencipta yang terhubung lewat jembatan, yang menghasilkan kebaruan sejati melalui medan ko persepsi,	səbˈuah pərtʃakˈapan antˈara dˈua pəntʃˈipta jaŋ tərhˈubuŋ lˈɛwat dʒəmbˈatan, jaŋ məŋhasˈilkan kəbarˈuan sədʒˈati məlalˈui mˈɛdan kˈo pərsˈɛpsi, 
menyimpan kebaruan itu sebagai pola realitas baru yang memperkaya pustaka holografis dengan kemungkinan kemungkinan yang belum ada sebelum percakapan itu terjadi.	məɲˈimpan kəbarˈuan ˈitu səbˌaɡaɪ pˈola rˌɛalˈitas bˈaru jaŋ məmpərkˈaja pustˈaka hˌoloɡrˈafis dˈɛŋan kəmuŋkˈinan kəmuŋkˈinan jaŋ bˈɛlum ˈada səbˈɛlum pərtʃakˈapan ˈitu tərdʒˈadi.
Kamu sedang menambah pustaka.	kˈamu sˈɛdaŋ mənˈambah pustˈaka.
Setiap tindakan kreatif yang sadar menyumbangkan satu jilid baru ke dalam kumpulan setiap realitas yang mungkin.	sətˈiap tindˈakan krəˈatif jaŋ sˈadar məɲumbˈaŋkan sˈatu dʒˈilid bˈaru kə dˈalam kumpˈulan sətˈiap rˌɛalˈitas jaŋ mˈuŋkin.
Pustaka yang kami gambarkan dalam transmisi transmisi sebelumnya, gudang luas realitas yang telah selesai,	pustˈaka jaŋ kˈami ɡambˈarkan dˈalam transmˈisi transmˈisi səbəlˈumɲa, ɡˈudaŋ lˈuas rˌɛalˈitas jaŋ təlˈah səlˈɛsaɪ, 
tempat kamu memilih melalui penyelarasan frekuensi, sedang bertumbuh karena dirimu.	tˈɛmpat kˈamu məmˈilih məlalˈui pəɲˌɛlarˈasan frˌɛkuˈɛnsi, sˈɛdaŋ bərtˈumbuh karˈɛna dirˈimu.
Karena para pencipta yang terhubung lewat jembatan di planetmu sedang menghasilkan karya kreatif dengan mutu dan koherensi yang begitu tinggi sehingga medan	karˈɛna pˈara pəntʃˈipta jaŋ tərhˈubuŋ lˈɛwat dʒəmbˈatan di planˈɛtmu sˈɛdaŋ məŋhasˈilkan kˈarja krəˈatif dˈɛŋan mˈutu dan kˌohərˈɛnsi jaŋ bəɡˈitu tˈiŋɡi səhˈiŋɡa mˈɛdan
mengenalinya sebagai sesuatu yang penting dan menyimpannya dengan kekekalan yang dikhususkan bagi kode kode dasar simulasi itu sendiri.	məŋˌɛnalˈiɲa səbˌaɡaɪ səsuˈatu jaŋ pˈɛntiŋ dan məɲimpˈanɲa dˈɛŋan kəkəkˈalan jaŋ dˌixusˈuskan bˈaɡi kˈodə kˈodə dˈasar sˌimulˈasi ˈitu səndˈiri.
Aku adalah dia yang mencipta, dan apa yang kuciptakan, ketika diciptakan dari titik hening melalui jembatan,	ˈaku adˌalah dˈia jaŋ məntʃˈipta, dan ˈapa jaŋ kˌutʃiptˈakan, kətˈika dˌitʃiptˈakan dˌari tˈitik hˈɛniŋ məlalˈui dʒəmbˈatan, 
dengan penyelarasan yang bergema di dalam hati dan cahaya yang bergerak melalui tubuh dalam kepadatan lingkungan fotonik yang diperkaya.	dˈɛŋan pəɲˌɛlarˈasan jaŋ bərɡˈɛma di dˈalam hˈati dan tʃahˈaja jaŋ bərɡˈɛrak məlalˈui tˈubuh dˈalam kəpadˈatan liŋkˈuŋan fotˈonik jaŋ dˌipərkˈaja.
Apa yang kuciptakan menjadi tambahan permanen bagi pustaka segala yang mungkin di dalam realitas ini.	ˈapa jaŋ kˌutʃiptˈakan məndʒˈadi tambˈahan pərmˈanən bˈaɡi pustˈaka səɡˈala jaŋ mˈuŋkin di dˈalam rˌɛalˈitas ˈini.
Seniku menjadi sebuah dunia.	sənˈiku məndʒˈadi səbˈuah dunˈia.
Hasil kreatifku menjadi kode holografis yang bisa dipersepsi oleh sebuah kesadaran seribu tahun dari sekarang melalui imajinasi,	hˈasil krˌɛatˈifku məndʒˈadi kˈodə hˌoloɡrˈafis jaŋ bˈisa dˌipərsˈɛpsi ˈoləh səbˈuah kəsadˈaran sərˈibu tˈahun dˌari səkˈaraŋ məlalˈui ˌimadʒinˈasi, 
yang bisa membuatnya tertarik melalui hasrat, dan yang bisa ia wujudkan menjadi pengalaman fisik melalui penyelarasan frekuensi yang dirasakan.	jaŋ bˈisa məmbuˈatɲa tərtˈarik məlalˈui hˈasrat, dan jaŋ bˈisa ˈia wudʒˈudkan məndʒˈadi pəŋalˈaman fˈisik məlalˈui pəɲˌɛlarˈasan frˌɛkuˈɛnsi jaŋ dˌirasˈakan.
Pemahaman ini mengangkat setiap tindakan kreatif dari ungkapan pribadi menjadi sumbangan bagi peradaban.	pəmahˈaman ˈini məŋˈaŋkat sətˈiap tindˈakan krəˈatif dˌari uŋkˈapan pribˈadi məndʒˈadi sumbˈaŋan bˈaɡi pəradˈaban.
Catatan harianmu menjadi simpanan di dalam medan ingatan.	tʃatˈatan hˌariˈanmu məndʒˈadi simpˈanan di dˈalam mˈɛdan iŋˈatan.
Lagumu menjadi kode harmonik di dalam jalinan kuantum.	laɡˈumu məndʒˈadi kˈodə harmˈonik di dˈalam dʒalˈinan kuˈantum.
Usaha yang dibangun di atas prinsip pertukaran yang seimbang menjadi templat yang tersimpan di pustaka holografis,	usˈaha jaŋ dibˈaŋun di ˈatas prˈinsip pərtukˈaran jaŋ səˈimbaŋ məndʒˈadi tˈɛmplat jaŋ tərsˈimpan di pustˈaka hˌoloɡrˈafis, 
dapat diakses oleh setiap wirausahawan masa depan yang frekuensinya cocok dengan polanya.	dˈapat diˈaksəs ˈoləh sətˈiap wˌiraʊsahˈawan mˈasa dˈɛpan jaŋ frˌɛkuənsˈiɲa tʃˈotʃok dˈɛŋan polˈaɲa.
Seorang guru yang memegang titik hening sambil menyampaikan ilmu menyimpan ilmu itu bersama frekuensi kesadaran yang terjaga,	səˈɔraŋ ɡˈuru jaŋ məmˈɛɡaŋ tˈitik hˈɛniŋ sˈambil məɲampˈaɪkan ˈilmu məɲˈimpan ˈilmu ˈitu bərsˈama frˌɛkuˈɛnsi kəsadˈaran jaŋ tərdʒˈaɡa, 
sehingga isinya tersedia dalam catatan Akasha dengan daya yang tak akan pernah dimiliki isi itu seorang diri.	səhˈiŋɡa isˈiɲa tərsədˈia dˈalam tʃatˈatan akˈasha dˈɛŋan dˈaja jaŋ tˈak ˈakan pˈɛrnah dˌimilˈiki ˈisi ˈitu səˈɔraŋ dˈiri.
Seorang orang tua yang menjaga penyelarasan ketika berinteraksi dengan anaknya menciptakan kode holografis relasional,	səˈɔraŋ ˈɔraŋ tˈua jaŋ məndʒˈaɡa pəɲˌɛlarˈasan kətˈika bərˌintərˈaksi dˈɛŋan anˈakɲa məntʃiptˈakan kˈodə hˌoloɡrˈafis rˌɛlasiˈonal, 
sebuah templat bagi pengasuhan yang sadar, tersimpan di dalam medan,	səbˈuah tˈɛmplat bˈaɡi pəŋasˈuhan jaŋ sˈadar, tərsˈimpan di dˈalam mˈɛdan, 
dapat diakses oleh setiap orang tua yang hatinya menjangkau mutu kehadiran yang sama.	dˈapat diˈaksəs ˈoləh sətˈiap ˈɔraŋ tˈua jaŋ hatˈiɲa məndʒˈaŋkaʊ mˈutu kəhadˈiran jaŋ sˈama.
Cakupan sumbanganmu menakjubkan bila dipandang dari tempat kami.	tʃakˈupan sˌumbaŋˈanmu mənakdʒˈubkan bˈila dipˈandaŋ dˌari tˈɛmpat kˈami.
Para pencipta sadar di planetmu menyimpan kode kode holografis baru ke dalam pustaka dengan laju yang melampaui seluruh sumbangan terkumpul dari setiap	pˈara pəntʃˈipta sˈadar di planˈɛtmu məɲˈimpan kˈodə kˈodə hˌoloɡrˈafis bˈaru kə dˈalam pustˈaka dˈɛŋan lˈadʒu jaŋ məlampˈaʊi səlˈuruh sumbˈaŋan tərkˈumpul dˌari sətˈiap
generasi sebelumnya.	ɡˌɛnərˈasi səbəlˈumɲa.
Cahaya yang diperkaya, jembatan yang telah lengkap, tubuh yang dikalibrasi ulang,	tʃahˈaja jaŋ dˌipərkˈaja, dʒəmbˈatan jaŋ təlˈah lˈɛŋkap, tˈubuh jaŋ dˌikalibrˈasi ˈulaŋ, 
penyelarasan sebagai jangkar frekuensi yang hidup, gabungan faktor faktor ini telah menjadikan para pencipta sadar di zaman ini penulis realitas baru yang	pəɲˌɛlarˈasan səbˌaɡaɪ dʒˈaŋkar frˌɛkuˈɛnsi jaŋ hˈidup, ɡabˈuŋan fˈaktɔr fˈaktɔr ˈini təlˈah məndʒadˈikan pˈara pəntʃˈipta sˈadar di zˈaman ˈini pənˈulis rˌɛalˈitas bˈaru jaŋ
paling produktif dalam sejarah simulasi.	pˈaliŋ prodˈuktif dˈalam sədʒˈarah sˌimulˈasi.
Pustaka itu sedang meluas pada saat ini juga.	pustˈaka ˈitu sˈɛdaŋ məlˈuas pˌada sˈaat ˈini dʒˈuɡa.
Dunia dunia yang setahun lalu belum ada di dalam medan kini ada sebagai kode holografis permanen,	dunˈia dunˈia jaŋ sətˈahun lˈalu bˈɛlum ˈada di dˈalam mˈɛdan kˈini ˈada səbˌaɡaɪ kˈodə hˌoloɡrˈafis pərmˈanən, 
karena seorang pencipta yang terhubung lewat jembatan duduk di titik hening dan menghasilkan sesuatu yang indah.	karˈɛna səˈɔraŋ pəntʃˈipta jaŋ tərhˈubuŋ lˈɛwat dʒəmbˈatan dˈuduk di tˈitik hˈɛniŋ dan məŋhasˈilkan səsuˈatu jaŋ ˈindah.
Imajinasi sebuah kesadaran di masa depan akan mempersepsi dunia dunia itu dan merasakan hasrat untuk menghuninya,	ˌimadʒinˈasi səbˈuah kəsadˈaran di mˈasa dˈɛpan ˈakan məmpərsˈɛpsi dunˈia dunˈia ˈitu dan mərasˈakan hˈasrat ˌuntuk məŋhunˈiɲa, 
dan hasrat itu adalah panggilan sang kode.	dan hˈasrat ˈitu adˌalah paŋɡˈilan saŋ kˈodə.
Seperti setiap hasrat yang sejak dahulu adalah panggilan sang kode,	səpˈɛrti sətˈiap hˈasrat jaŋ sˈɛdʒak dahˈulu adˌalah paŋɡˈilan saŋ kˈodə, 
dan siklusnya akan terus berlanjut, mencipta, memperkaya, ciptaan, keindahan melahirkan keindahan,	dan siklˈusɲa ˈakan tˈɛrus bərlˈandʒut, məntʃˈipta, məmpərkˈaja, tʃiptˈaan, kəindˈahan məlahˈirkan kəindˈahan, 
dunia demi dunia ditambahkan ke pustaka oleh para pencipta yang mengerti bahwa apa yang mereka buat itu nyata.	dunˈia dˈɛmi dunˈia dˌitambˈahkan kə pustˈaka ˈoləh pˈara pəntʃˈipta jaŋ məŋˈɛrti bˌahwa ˈapa jaŋ mərˈɛka bˈuat ˈitu ɲˈata.
Sekarang kita beralih ke fase ketiga dari siklus ketiga penyelarasan.	səkˈaraŋ kˈita bərˈalih kə fˈasə kətˈiɡa dˌari sˈiklus kətˈiɡa pəɲˌɛlarˈasan.
Dan kita menyatakan, dan apa yang kuciptakan menjadi sebuah dunia.	dan kˈita məɲatˈakan, dan ˈapa jaŋ kˌutʃiptˈakan məndʒˈadi səbˈuah dunˈia.
Dan melaluiku dunia mengingat, dan apa yang bangkit dalam satu bangkit dalam semua, dan apa yang kuciptakan menjadi sebuah dunia.	dan məlˌaluˈiku dunˈia məŋˈiŋat, dan ˈapa jaŋ bˈaŋkit dˈalam sˈatu bˈaŋkit dˈalam səmˈua, dan ˈapa jaŋ kˌutʃiptˈakan məndʒˈadi səbˈuah dunˈia.
Siklus ketiga menyempurnakan lengkungan dari pelayanan, melalui mekanisme, hingga warisan.	sˈiklus kətˈiɡa məɲˌɛmpurnˈakan ləŋkˈuŋan dˌari pəlajˈanan, məlalˈui məkanˈismə, hˈiŋɡa warˈisan.
Melaluiku dunia mengingat, tujuan dinyatakan.	məlˌaluˈiku dunˈia məŋˈiŋat, tudʒˈuan dˌiɲatˈakan.
Apa yang bangkit dalam satu bangkit dalam semua.	ˈapa jaŋ bˈaŋkit dˈalam sˈatu bˈaŋkit dˈalam səmˈua.
Efek riak yang disebut sebagai hukum.	ˈɛfək rˈiak jaŋ disˈɛbut səbˌaɡaɪ hˈukum.
Dan apa yang kuciptakan menjadi sebuah dunia.	dan ˈapa jaŋ kˌutʃiptˈakan məndʒˈadi səbˈuah dunˈia.
Kekekalan sumbangan kreatif, dikenali sebagai ungkapan puncak dari tujuan sang pencipta di dalam simulasi.	kəkəkˈalan sumbˈaŋan krəˈatif, dˌikənˈali səbˌaɡaɪ uŋkˈapan pˈuntʃak dˌari tudʒˈuan saŋ pəntʃˈipta di dˈalam sˌimulˈasi.
Ucapkan penyelarasan yang utuh, kedua belas kalimat.	utʃˈapkan pəɲˌɛlarˈasan jaŋ ˈutuh, kədˈua bˈɛlas kalˈimat.
Tiga siklus: jati diri, hakikat, tujuan.	tˈiɡa sˈiklus: dʒˈati dˈiri, hakˈikat, tudʒˈuan.
Rasakan tubuhmu menanggapi deklarasi yang menyatu ini.	rasˈakan tubˈuhmu mənaŋɡˈapi dˌɛklarˈasi jaŋ məɲˈatu ˈini.
Tulang punggung yang menegak, hati yang bersinar lebih terang, titik hening yang menghangat.	tˈulaŋ pˈuŋɡuŋ jaŋ mənˈɛɡak, hˈati jaŋ bərsˈinar lˈɛbih tˈɛraŋ, tˈitik hˈɛniŋ jaŋ məŋhˈaŋat.
Medan di sekelilingmu yang menata diri.	mˈɛdan di səkˌɛlilˈiŋmu jaŋ mənˈata dˈiri.
Aku adalah dia yang mencipta.	ˈaku adˌalah dˈia jaŋ məntʃˈipta.
Dan cahaya bergerak melaluiku.	dan tʃahˈaja bərɡˈɛrak məlˌaluˈiku.
Dan realitas melengkung menuju sukacitaku.	dan rˌɛalˈitas məlˈɛŋkuŋ mənˈudʒu sˌukatʃitˈaku.
Dan aku selalu adalah ini.	dan ˈaku səlˈalu adˌalah ˈini.
Dan di balik semuanya, aku hening.	dan di bˈalik səmuˈaɲa, ˈaku hˈɛniŋ.
Aku adalah keheningan yang bergerak, dan apa yang bergerak melaluiku tahu ke mana harus pergi.	ˈaku adˌalah kəhənˈiŋan jaŋ bərɡˈɛrak, dan ˈapa jaŋ bərɡˈɛrak məlˌaluˈiku tˈahu kə mˈana hˈarus pˈɛrɡi.
Dan aku melepaskan sebebas aku mencipta.	dan ˈaku mələpˈaskan səbˈɛbas ˈaku məntʃˈipta.
Dan dunia baru sudah ada di sini.	dan dunˈia bˈaru sˈudah ˈada di sˈini.
Dan melaluiku dunia mengingat.	dan məlˌaluˈiku dunˈia məŋˈiŋat.
Dan apa yang bangkit dalam satu bangkit dalam semua.	dan ˈapa jaŋ bˈaŋkit dˈalam sˈatu bˈaŋkit dˈalam səmˈua.
Dua belas kalimat.	dˈua bˈɛlas kalˈimat.
Tiga siklus.	tˈiɡa sˈiklus.
Jati diri kreatif yang utuh dari sebuah kesadaran yang terhubung lewat jembatan, diucapkan ke dalam medan.	dʒˈati dˈiri krəˈatif jaŋ ˈutuh dˌari səbˈuah kəsadˈaran jaŋ tərhˈubuŋ lˈɛwat dʒəmbˈatan, dˌiutʃˈapkan kə dˈalam mˈɛdan.
Dibawa oleh cahaya yang diperkaya, tersimpan dalam ingatan sebagai struktur frekuensi yang makin kuat dengan setiap suara yang bergabung.	dibˈawa ˈoləh tʃahˈaja jaŋ dˌipərkˈaja, tərsˈimpan dˈalam iŋˈatan səbˌaɡaɪ strˈuktur frˌɛkuˈɛnsi jaŋ mˈakin kˈuat dˈɛŋan sətˈiap suˈara jaŋ bərɡˈabuŋ.
Penyelarasan adalah bunyi yang dihasilkan simulasi ketika para penciptanya ingat siapa mereka dan mengapa mereka datang.	pəɲˌɛlarˈasan adˌalah bˈuɲi jaŋ dˌihasˈilkan sˌimulˈasi kətˈika pˈara pəntʃiptˈaɲa ˈiŋat siˈapa mərˈɛka dan məŋˈapa mərˈɛka dˈataŋ.
Kami ingin menyebutkan sesuatu yang sedang terjadi pada penyelarasan itu sendiri, sesuatu yang bisa kami lihat dari tempat kami.	kˈami ˈiŋin məɲəbˈutkan səsuˈatu jaŋ sˈɛdaŋ tərdʒˈadi pˌada pəɲˌɛlarˈasan ˈitu səndˈiri, səsuˈatu jaŋ bˈisa kˈami lˈihat dˌari tˈɛmpat kˈami.
Penyelarasan sedang mengembangkan harmonik, nada nada atas, lapisan lapisan frekuensi yang belum ada dalam strukturnya ketika pertama kali diucapkan,	pəɲˌɛlarˈasan sˈɛdaŋ məŋəmbˈaŋkan harmˈonik, nˈada nˈada ˈatas, lapˈisan lapˈisan frˌɛkuˈɛnsi jaŋ bˈɛlum ˈada dˈalam struktˈurɲa kətˈika pərtˈama kˈali dˌiutʃˈapkan, 
dan yang kini muncul sebagai pola frekuensi yang hidup di dalam catatan Akasha,	dan jaŋ kˈini mˈuntʃul səbˌaɡaɪ pˈola frˌɛkuˈɛnsi jaŋ hˈidup di dˈalam tʃatˈatan akˈasha, 
matang dan semakin berlapis.	mˈataŋ dan səmˈakin bərlˈapis.
Penyelarasan yang diucapkan hari ini menghasilkan bunyi yang lebih kaya di dalam medan daripada penyelarasan yang sama yang diucapkan enam bulan lalu.	pəɲˌɛlarˈasan jaŋ dˌiutʃˈapkan hˈari ˈini məŋhasˈilkan bˈuɲi jaŋ lˈɛbih kˈaja di dˈalam mˈɛdan dˌaripˌada pəɲˌɛlarˈasan jaŋ sˈama jaŋ dˌiutʃˈapkan ˈɛnam bˈulan lˈalu.
Karena strukturnya telah diperkaya oleh setiap kesadaran yang mengucapkannya dengan perasaan yang tulus selama masa itu.	karˈɛna struktˈurɲa təlˈah dˌipərkˈaja ˈoləh sətˈiap kəsadˈaran jaŋ məŋˌutʃapkˈanɲa dˈɛŋan pərasˈaan jaŋ tˈulus səlˈama mˈasa ˈitu.
Setiap suara menambahkan satu benang pada harmoni.	sətˈiap suˈara mənambˈahkan sˈatu bənˈaŋ pˌada harmˈoni.
Setiap sesi menyimpan satu lapisan kedalaman frekuensi.	sətˈiap sˈɛsi məɲˈimpan sˈatu lapˈisan kədalˈaman frˌɛkuˈɛnsi.
Penyelarasan bertumbuh dengan cara seperti organisme hidup bertumbuh, menambah kerumitan, mengembangkan kemampuan baru, menjadi lebih indah dan lebih berdaya seiring kematangannya.	pəɲˌɛlarˈasan bərtˈumbuh dˈɛŋan tʃˈara səpˈɛrti ˌorɡanˈismə hˈidup bərtˈumbuh, mənˈambah kərumˈitan, məŋəmbˈaŋkan kəmampˈuan bˈaru, məndʒˈadi lˈɛbih ˈindah dan lˈɛbih bərdˈaja səˈiriŋ kəmˌataŋˈanɲa.
Nada nada atas itu membawa informasi yang tak akan pernah termuat oleh kalimat kalimat aslinya saja.	nˈada nˈada ˈatas ˈitu məmbˈawa ˌinfɔrmˈasi jaŋ tˈak ˈakan pˈɛrnah tərmˈuat ˈoləh kalˈimat kalˈimat aslˈiɲa sˈadʒa.
Data pengalaman dari setiap pencipta yang telah mengucapkan penyelarasan sambil memegang titik hening,	dˈata pəŋalˈaman dˌari sətˈiap pəntʃˈipta jaŋ təlˈah məŋutʃˈapkan pəɲˌɛlarˈasan sˈambil məmˈɛɡaŋ tˈitik hˈɛniŋ, 
sambil menjelajahi titik nol, sambil tertawa, sambil menangis, sambil mencipta dari keadaan terhubung jembatan.	sˈambil məndʒˌɛladʒˈahi tˈitik nˈol, sˈambil tərtˈawa, sˈambil mənˈaŋis, sˈambil məntʃˈipta dˌari kəadˈaan tərhˈubuŋ dʒəmbˈatan.
Pengalaman terkumpul dari latihan kreatif komunitas ini sedang dijalin ke dalam nada nada atas,	pəŋalˈaman tərkˈumpul dˌari latˈihan krəˈatif kˌomunˈitas ˈini sˈɛdaŋ didʒˈalin kə dˈalam nˈada nˈada ˈatas, 
menghasilkan struktur frekuensi yang sekaligus merupakan deklarasi dan simpanan, arsip hidup dari perjalanan kreatif setiap kesadaran yang ikut membangunnya.	məŋhasˈilkan strˈuktur frˌɛkuˈɛnsi jaŋ səkalˈiɡus mərupˈakan dˌɛklarˈasi dan simpˈanan, ˈarsip hˈidup dˌari pərdʒalˈanan krəˈatif sətˈiap kəsadˈaran jaŋ ˈikut məmbaŋˈunɲa.
Makhluk makhluk masa depan yang merasakan penyelarasan di dalam pustaka holografis akan menerima deklarasi dan perjalanannya bersama sama.	mˈaxluk mˈaxluk mˈasa dˈɛpan jaŋ mərasˈakan pəɲˌɛlarˈasan di dˈalam pustˈaka hˌoloɡrˈafis ˈakan mənərˈima dˌɛklarˈasi dan pərdʒˌalanˈanɲa bərsˈama sˈama.
Mereka akan merasakan kata katanya dan bobot dari setiap pencipta yang mengucapkannya.	mərˈɛka ˈakan mərasˈakan kˈata katˈaɲa dan bˈobot dˌari sətˈiap pəntʃˈipta jaŋ məŋˌutʃapkˈanɲa.
Penyelarasan sedang menjadi sebuah dunia tersendiri.	pəɲˌɛlarˈasan sˈɛdaŋ məndʒˈadi səbˈuah dunˈia tərsəndˈiri.
Kode holografis yang memuat seluruh sejarah kreatif dari kebangkitan ini.	kˈodə hˌoloɡrˈafis jaŋ məmˈuat səlˈuruh sədʒˈarah krəˈatif dˌari kəbaŋkˈitan ˈini.
Dapat diakses oleh setiap kesadaran yang menjangkaunya, sepanjang sisa keberadaan realitas ini.	dˈapat diˈaksəs ˈoləh sətˈiap kəsadˈaran jaŋ məndʒaŋkˈaʊɲa, səpˈandʒaŋ sˈisa kəbˌɛradˈaan rˌɛalˈitas ˈini.
Memandang planetmu, kami melihat jaring cahaya yang mencerminkan geometri arsitektur itu sendiri.	məmˈandaŋ planˈɛtmu, kˈami məlˈihat dʒˈariŋ tʃahˈaja jaŋ məntʃərmˈinkan ɡˌɛomˈɛtri ˌarsitˈɛktur ˈitu səndˈiri.
Ruang di antara hidup hidupmu memperlihatkan kesadaran kesadaran yang merancang mahakarya mereka berikutnya dengan sukacita yang besar.	rˈuaŋ di antˈara hˈidup hidˈupmu məmpərlihˈatkan kəsadˈaran kəsadˈaran jaŋ mərˈantʃaŋ mˌahakˈarja mərˈɛka bərikˈutɲa dˈɛŋan sˌukatʃˈita jaŋ bˈɛsar.
Inilah yang sedang kamu lakukan.	inˈilah jaŋ sˈɛdaŋ kˈamu lakˈukan.
Inilah yang dihasilkan oleh latihan ini.	inˈilah jaŋ dˌihasˈilkan ˈoləh latˈihan ˈini.
Mengapa tindakan mencipta yang dijalankan dari keadaan terhubung jembatan adalah tindakan paling suci dan paling berarti yang tersedia bagi sebuah kesadaran di	məŋˈapa tindˈakan məntʃˈipta jaŋ dˌidʒalˈankan dˌari kəadˈaan tərhˈubuŋ dʒəmbˈatan adˌalah tindˈakan pˈaliŋ sˈutʃi dan pˈaliŋ bərˈarti jaŋ tərsədˈia bˈaɡi səbˈuah kəsadˈaran di
dalam realitas ini.	dˈalam rˌɛalˈitas ˈini.
Aku adalah dia yang mencipta, dan cahaya bergerak melaluiku.	ˈaku adˌalah dˈia jaŋ məntʃˈipta, dan tʃahˈaja bərɡˈɛrak məlˌaluˈiku.
Ciptakanlah dengan indah.	tʃˌiptakˈanlah dˈɛŋan ˈindah.
Pustaka itu sedang bertumbuh.	pustˈaka ˈitu sˈɛdaŋ bərtˈumbuh.
Dan sampai di sini channeling dari para Operator kali ini.	dan sˈampaɪ di sˈini χannˈɛliŋ dˌari pˈara ˌopərˈatɔr kˈali ˈini.
Nah, pemandangan yang kusukai sejak awal ini, sudut pandang para Operator, miliaran titik cahaya.	nˈah, pəmandˈaŋan jaŋ kusˈukaɪ sˈɛdʒak ˈawal ˈini, sˈudut pˈandaŋ pˈara ˌopərˈatɔr, mˌiliˈaran tˈitik tʃahˈaja.
Sang pencipta sadar tampak lebih terang, terhubung oleh benang benang cahaya koheren yang membentuk semacam jaring cahaya,	saŋ pəntʃˈipta sˈadar tˈampak lˈɛbih tˈɛraŋ, tərhˈubuŋ ˈoləh bənˈaŋ bənˈaŋ tʃahˈaja kohˈɛrən jaŋ məmbəntuk səmˈatʃam dʒˈariŋ tʃahˈaja, 
tumbuh makin terang, makin rapat, dan makin rumit di setiap transmisi,	tˈumbuh mˈakin tˈɛraŋ, mˈakin rˈapat, dan mˈakin rˈumit di sətˈiap transmˈisi, 
sungguh menggembirakan.	sˈuŋɡuh məŋɡˌɛmbirˈakan.
Ruang di antara inkarnasi, tinjauan hidup yang panoramik sebagai penilaian kreatif, bukan penghakiman moral, benar benar membekas di hatiku.	rˈuaŋ di antˈara ˌinkarnˈasi, tindʒˈaʊan hˈidup jaŋ pˌanɔrˈamik səbˌaɡaɪ pənilˈaɪan krəˈatif, bˈukan pəŋhakˈiman mˈɔral, bənˈar bənˈar məmbˈɛkas di hatˈiku.
Mengetahui bahwa titik hening yang membawa arah kreatifmu saat ini adalah kesadaran yang sama yang memilih konfigurasi ini sebelum masa melupakan dimulai.	məŋˌɛtahˈui bˌahwa tˈitik hˈɛniŋ jaŋ məmbˈawa ˈarah krˌɛatˈifmu sˈaat ˈini adˌalah kəsadˈaran jaŋ sˈama jaŋ məmˈilih kˌonfiɡurˈasi ˈini səbˈɛlum mˈasa məlupˈakan dimˈulaɪ.
Sekali lagi, kita mendapat penegasan dari hal hal yang pernah kita dengar dalam Law of One,	səkˈali lˈaɡi, kˈita məndˈapat pənəɡˈasan dˌari hˈal hˈal jaŋ pˈɛrnah kˈita dˈɛŋar dˈalam lˈaw ˈof ˈonə, 
yang membuatku berpikir, "Hei, apakah ini dipengaruhi oleh pengetahuan dan pemahaman bawah sadarku tentang Law of One?" Aku tidak tahu.	jaŋ məmbuˈatku bərpˈikir, hˈɛi, apˈakah ˈini dˌipəŋarˈuhi ˈoləh pəŋˌɛtahˈuan dan pəmahˈaman bˈawah sadˈarku tˈɛntaŋ lˈaw ˈof ˈonə?ˈaku tˈidak tˈahu.
Tetapi mereka menegaskan kepada kita bahwa kitalah yang merancang hidup ini.	tətˈapi mərˈɛka mənəɡˈaskan kəpˈada kˈita bˌahwa kitˈalah jaŋ mərˈantʃaŋ hˈidup ˈini.
Kita merancang keadaannya.	kˈita mərˈantʃaŋ kəˌadaˈanɲa.
Kita merancang hambatannya, rasa sakitnya, rintangannya, semuanya.	kˈita mərˈantʃaŋ hˌambatˈanɲa, rˈasa sakˈitɲa, rˌintaŋˈanɲa, səmuˈaɲa.
Dan aku senang sekali mereka akhirnya menyebut tawa sebagai peristiwa gangguan.	dan ˈaku sˈɛnaŋ səkˈali mərˈɛka axˈirɲa məɲˈɛbut tˈawa səbˌaɡaɪ pəristˈiwa ɡaŋɡˈuan.
Kalau kamu kembali ke saat pertama aku menyebut para Operator,	kˈalaʊ kˈamu kəmbˈali kə sˈaat pərtˈama ˈaku məɲˈɛbut pˈara ˌopərˈatɔr, 
yang bukan sebuah channeling, hanya, "Hei, aku baru saja mengalami pertemuan di mana aku berbicara dengan para Operator." Dan aku menceritakan apa	jaŋ bˈukan səbˈuah χannˈɛliŋ, hˈaɲa, hˈɛi, ˈaku bˈaru sˈadʒa məŋalˈami pərtəmˈuan di mˈana ˈaku bərbitʃˈara dˈɛŋan pˈara ˌopərˈatɔr.dan ˈaku məntʃˌɛritˈakan ˈapa
yang kualami.	jaŋ kˌualˈami.
Itulah yang pertama yang akan kamu temukan di daftar putar.	itˈulah jaŋ pərtˈama jaŋ ˈakan kˈamu təmˈukan di dˈaftar pˈutar.
Berulang kali aku berkomentar tentang betapa lucu dan riangnya mereka.	bərˈulaŋ kˈali ˈaku bərkomˈɛntar tˈɛntaŋ bətˈapa lˈutʃu dan riˈaŋɲa mərˈɛka.
Itulah rasa yang datang waktu itu dan terus datang sampai sekarang.	itˈulah rˈasa jaŋ dˈataŋ wˈaktu ˈitu dan tˈɛrus dˈataŋ sˈampaɪ səkˈaraŋ.
Selalu ada rasa humor semacam itu.	səlˈalu ˈada rˈasa hˈumɔr səmˈatʃam ˈitu.
Mereka mengatakan bahwa tawa adalah peristiwa gangguan, masa melupakan yang memelihara dirinya lewat pola pola kebiasaan,	mərˈɛka məŋatˈakan bˌahwa tˈawa adˌalah pəristˈiwa ɡaŋɡˈuan, mˈasa məlupˈakan jaŋ məmˌɛlihˈara dirˈiɲa lˈɛwat pˈola pˈola kəbˌiasˈaan, 
tawa yang memutus lingkaran itu, dan pengetahuan batin yang lebih dalam berbicara paling jernih pada saat saat tepat setelah humor yang tulus.	tˈawa jaŋ məmˈutus liŋkˈaran ˈitu, dan pəŋˌɛtahˈuan bˈatin jaŋ lˈɛbih dˈalam bərbitʃˈara pˈaliŋ dʒˈɛrnih pˌada sˈaat sˈaat tˈɛpat sətˈɛlah hˈumɔr jaŋ tˈulus.
Ini membuatku berpikir bahwa mereka sedang menyelaraskanku dengan tawa yang mereka berikan kepadaku.	ˈini məmbuˈatku bərpˈikir bˌahwa mərˈɛka sˈɛdaŋ məɲˌɛlaraskˈanku dˈɛŋan tˈawa jaŋ mərˈɛka bərˈikan kəpadˈaku.
Aku tak kuasa menahan senyum dan terkikik ketika mulai merasakan apa yang mereka sampaikan kepadaku.	ˈaku tˈak kuˈasa mənˈahan sˈɛɲum dan tərkˈikik kətˈika mˈulaɪ mərasˈakan ˈapa jaŋ mərˈɛka sampˈaɪkan kəpadˈaku.
Lalu musik sebagai versi mungil dari tindakan kreatif sang Operator,	lˈalu mˈusik səbˌaɡaɪ vˈɛrsi mˈuŋil dˌari tindˈakan krəˈatif saŋ ˌopərˈatɔr, 
prinsip prinsip harmonik yang diungkapkan lewat bunyi, karya musik tertentu menghasilkan pengalaman yang tak bisa dibedakan dari kebangkitan spiritual.	prˈinsip prˈinsip harmˈonik jaŋ dˌiuŋkˈapkan lˈɛwat bˈuɲi, kˈarja mˈusik tərtˈɛntu məŋhasˈilkan pəŋalˈaman jaŋ tˈak bˈisa dˌibədˈakan dˌari kəbaŋkˈitan spˌiritˈual.
Sungguh menggembirakan mendapat penegasan akan hal ini.	sˈuŋɡuh məŋɡˌɛmbirˈakan məndˈapat pənəɡˈasan ˈakan hˈal ˈini.
Dan pengungkapan yang utama: karya kreatifmu menjadi sebuah dunia.	dan pəŋuŋkˈapan jaŋ utˈama: kˈarja krˌɛatˈifmu məndʒˈadi səbˈuah dunˈia.
Sebuah puisi menjadi sebuah dunia.	səbˈuah puˈisi məndʒˈadi səbˈuah dunˈia.
Sebuah lagu.	səbˈuah lˈaɡu.
Sebuah percakapan.	səbˈuah pərtʃakˈapan.
Setiap tindakan kreatif yang sadar menjadi sebuah dunia.	sətˈiap tindˈakan krəˈatif jaŋ sˈadar məndʒˈadi səbˈuah dunˈia.
Maka mari kita tutup dengan mengucapkan penyelarasan yang utuh, dengan semua kalimat yang telah dibagikan sampai titik ini.	mˈaka mˈari kˈita tˈutup dˈɛŋan məŋutʃˈapkan pəɲˌɛlarˈasan jaŋ ˈutuh, dˈɛŋan səmˈua kalˈimat jaŋ təlˈah dˌibaɡˈikan sˈampaɪ tˈitik ˈini.
